Name,Company,Level,MarketTime,Engine,Gearbox,LWH,BodyStructure,MaximunSpeed,FuelConsumption,EngineCapacity,EngineForm,GearboxType,ParkingBrakeType,PSAirbag,BASideAirbag,BAHeadAirbag,TirePressure,SeatBeltWarning,ChildSeat,ABS,EBD,EBA,ASR,ESC,MergeSupport,DeviationWarning,SecuritySystem,NightVersion,ParkingRadar,ParkingVideo,PanoramicCamera,Cruise,AdaptiveCruise,AutomaticParking,EngineAutomatic,UphillSupport,AutomaticSkylight,PanoramicSkylight,Rims,AutomaticDoor,AutomaticTrunk,InduceTrunk,RoofRacks,EngineAntiTheft,ParkingLock,RemoteKey,KeylessStart,KeylessEntry,SteeringWheel,SeatMaterial,SeatAdjust,PSSeatAdjust,AfterSeatAdjust,SeatMemory,SeatFallDown,CentralArmrest,CupHolder,GPS,Positioning,Screen,ScreenSize,Interface,CDDVD,Speaker,LowLights,HighLights,LED,AdaptiveLights,HeadLights,SupportLights,FogLights,AtmosphereLights,AutomaticWindow,WindowLift,WindowAntiClipHand,InsulatedGlass,AutomaticRearviewAdjust,AutomaticRearviewFold,MakeupMirror,Wipers,InduceWipers,AirConditioning,WindOutlet
"C4世嘉 2016款 1.2THP 自动旗舰型",东风雪铁龙,紧凑型车,2015.11,"1.2T 136马力 L3",6挡手自一体,4588*1800*1496,4门5座三厢车,200,5.2,1.2,涡轮增压,手自一体变速箱(AT),手刹,"主● / 副●","前● / 后-","前● / 后●",●,●,●,●,●,●,●,●,●,-,-,-,"前- / 后●",●,-,-,-,-,●,●,●,-,●,-,-,-,-,●,●,●,●,●,●,真皮,●,"主● / 副-",-,-,-,"前● / 后●",●,○,○,●,7英寸,USB,-,6-7喇叭,卤素,卤素,●,-,●,-,●,-,"前● / 后●",主驾驶位,●,●,●,-,●,-,●,自动●,-
"C4世嘉 2016款 1.2THP 自动豪华型",东风雪铁龙,紧凑型车,2015.11,"1.2T 136马力 L3",6挡手自一体,4588*1800*1496,4门5座三厢车,200,5.2,1.2,涡轮增压,手自一体变速箱(AT),手刹,"主● / 副●","前● / 后-","前● / 后●",-,●,●,●,●,●,●,●,-,-,-,-,"前- / 后●",●,-,-,-,-,●,●,○,-,●,-,-,-,-,●,●,●,-,-,●,皮/织物混搭,●,"主○ / 副-",-,-,-,"前● / 后●",●,-,-,●,7英寸,USB,-,6-7喇叭,卤素,卤素,●,-,-,-,●,-,"前● / 后●",主驾驶位,●,●,●,-,●,-,-,自动●,-
"C4世嘉 2016款 1.6L 自动舒适型",东风雪铁龙,紧凑型车,2015.11,"1.6L 117马力 L4",6挡手自一体,4588*1800*1496,4门5座三厢车,187,6.2,1.6,自然吸气,手自一体变速箱(AT),手刹,"主● / 副●",-,-,-,●,●,●,●,●,●,●,-,-,-,-,-,-,-,-,-,-,-,●,○,-,●,-,-,-,-,●,●,●,-,-,-,织物,●,-,-,-,-,"前● / 后-",-,-,-,●,7英寸,USB,-,6-7喇叭,卤素,卤素,-,-,-,-,●,-,"前● / 后●",主驾驶位,●,●,●,-,●,-,-,手动●,-
"C4世嘉 2016款 1.6L 自动豪华型",东风雪铁龙,紧凑型车,2015.11,"1.6L 117马力 L4",6挡手自一体,4588*1800*1496,4门5座三厢车,187,6.2,1.6,自然吸气,手自一体变速箱(AT),手刹,"主● / 副●","前● / 后-","前● / 后●",-,●,●,●,●,●,●,●,-,-,-,-,"前- / 后●",●,-,-,-,-,-,●,○,-,●,-,-,-,-,●,●,●,-,-,●,皮/织物混搭,●,"主○ / 副-",-,-,-,"前● / 后●",●,-,-,●,7英寸,USB,-,6-7喇叭,卤素,卤素,●,-,-,-,●,-,"前● / 后●",主驾驶位,●,●,●,-,●,-,-,自动●,-
"C4世嘉 2016款 1.6THP 自动旗舰型",东风雪铁龙,紧凑型车,2015.11,"1.6T 167马力 L4",6挡手自一体,4588*1800*1496,4门5座三厢车,215,5.9,1.6,涡轮增压,手自一体变速箱(AT),手刹,"主● / 副●","前● / 后-","前● / 后●",●,●,●,●,●,●,●,●,●,-,-,-,"前- / 后●",●,-,-,-,-,●,●,●,-,●,-,-,-,-,●,●,●,●,●,●,真皮,●,"主● / 副-",-,-,-,"前● / 后●",●,○,○,●,7英寸,USB,-,6-7喇叭,卤素,卤素,●,-,●,-,●,-,"前● / 后●",主驾驶位,●,●,●,-,●,-,●,自动●,-
"C4世嘉 2016款 悦心版 1.6L 自动舒适型",东风雪铁龙,紧凑型车,2016.09,"1.6L 117马力 L4",6挡手自一体,4588*1800*1496,4门5座三厢车,187,6.2,1.6,自然吸气,手自一体变速箱(AT),手刹,"主● / 副●",-,-,-,●,●,●,●,●,●,●,-,-,-,-,-,-,-,-,-,-,-,●,○,-,●,-,-,-,-,●,●,●,-,-,-,织物,●,-,-,-,-,"前● / 后-",-,●,-,●,7英寸,USB,-,6-7喇叭,卤素,卤素,-,-,-,-,●,-,"前● / 后●",主驾驶位,●,●,●,-,●,-,-,手动●,-
"C4世嘉 2016款 悦心版 1.6L 自动豪华型",东风雪铁龙,紧凑型车,2016.09,"1.6L 117马力 L4",6挡手自一体,4588*1800*1496,4门5座三厢车,187,6.2,1.6,自然吸气,手自一体变速箱(AT),手刹,"主● / 副●","前● / 后-","前● / 后●",-,●,●,●,●,●,●,●,-,-,-,-,"前- / 后●",●,-,-,-,-,-,●,○,-,●,-,-,-,-,●,●,●,-,-,●,皮/织物混搭,●,"主○ / 副-",-,-,-,"前● / 后●",●,●,-,●,7英寸,USB,-,6-7喇叭,卤素,卤素,●,-,-,-,●,-,"前● / 后●",主驾驶位,●,●,●,-,●,-,-,自动●,-
"DS 5LS 2016款 1.6T 基础版THP160",长安标致雪铁龙,紧凑型车,2016.04,"1.6T 167马力 L4",6挡手自一体,4702*1840*1510,4门5座三厢车,212,6.3,1.6,涡轮增压,手自一体变速箱(AT),手刹,"主● / 副●","前● / 后-","前● / 后●",-,●,●,●,●,●,●,●,-,-,-,-,-,-,-,-,-,-,●,●,-,-,●,-,-,-,-,●,●,●,-,-,-,织物,●,-,-,-,比例放倒,"前● / 后-",-,-,-,-,-,USB+AUX,单碟CD,6-7喇叭,卤素,卤素,●,-,-,●,●,-,"前● / 后●",主驾驶位,●,-,●,-,●,-,-,手动●,-
"DS 5LS 2016款 1.6T 舒适版THP160",长安标致雪铁龙,紧凑型车,2016.04,"1.6T 167马力 L4",6挡手自一体,4702*1840*1510,4门5座三厢车,212,6.3,1.6,涡轮增压,手自一体变速箱(AT),手刹,"主● / 副●","前● / 后-","前● / 后●",-,●,●,●,●,●,●,●,-,-,-,-,"前- / 后●",-,-,-,-,-,●,●,○,-,●,-,-,-,-,●,●,●,-,-,●,织物,●,-,-,-,比例放倒,"前● / 后-",-,○,-,○,(选装7英寸),USB+AUX,单碟CD,6-7喇叭,卤素,卤素,●,-,-,●,●,-,"前● / 后●",主驾驶位,●,-,●,-,●,-,-,手动●,-
"DS 5LS 2016款 1.6T 风尚版THP160",长安标致雪铁龙,紧凑型车,2016.04,"1.6T 167马力 L4",6挡手自一体,4702*1840*1510,4门5座三厢车,212,6.3,1.6,涡轮增压,手自一体变速箱(AT),手刹,"主● / 副●","前● / 后-","前● / 后●",-,●,●,●,●,●,●,●,-,-,-,-,"前- / 后●",-,-,-,-,-,●,●,●,-,●,-,-,-,-,●,●,●,-,-,●,织物(选装皮/织物混,●,-,-,-,比例放倒,"前● / 后○",○,○,-,●,7英寸,USB+AUX,单碟DVD,6-7喇叭,卤素,卤素,●,-,-,●,●,-,"前● / 后●",主驾驶位,●,-,●,-,●,-,-,手动●,-
"LANNIA 蓝鸟 2016款 1.6L CVT智炫版",东风日产,紧凑型车,2016.04,"1.6L 126马力 L4",CVT无级变速,4683*1780*1465,4门5座三厢车,190,5.7,1.6,自然吸气,无级变速箱(CVT),手刹,"主● / 副●","前● / 后-","前● / 后●",-,●,●,●,●,●,●,●,-,-,-,-,-,●,-,-,-,-,-,-,●,-,●,-,-,-,-,●,●,●,●,●,-,织物,●,-,-,-,比例放倒,"前● / 后-",-,-,-,●,7英寸,USB+AUX,-,4-5喇叭,卤素,卤素,●,-,-,-,-,-,"前● / 后●",主驾驶位,●,-,●,-,●,-,-,手动●,-
"LANNIA 蓝鸟 2016款 1.6L CVT智酷版",东风日产,紧凑型车,2015.10,"1.6L 126马力 L4",CVT无级变速,4683*1780*1465,4门5座三厢车,190,5.7,1.6,自然吸气,无级变速箱(CVT),手刹,"主● / 副●","前● / 后-","前● / 后●",-,●,●,●,●,●,●,●,-,-,-,-,-,●,-,-,-,-,-,-,●,-,●,-,-,-,-,●,●,●,●,●,-,织物,●,-,-,-,比例放倒,"前● / 后-",-,-,-,●,7英寸,USB+AUX,-,4-5喇叭,卤素,卤素,-,-,-,-,●,-,"前● / 后●",主驾驶位,●,-,●,-,●,-,-,手动●,-
"LANNIA 蓝鸟 2016款 1.6L CVT高能版",东风日产,紧凑型车,2015.10,"1.6L 126马力 L4",CVT无级变速,4683*1780*1465,4门5座三厢车,190,5.3,1.6,自然吸气,无级变速箱(CVT),手刹,"主● / 副●","前● / 后-","前● / 后●",●,●,●,●,●,●,●,●,●,●,●,-,-,●,-,-,-,-,●,-,●,-,●,-,-,-,-,●,●,●,●,●,●,皮/织物混搭,●,-,-,-,比例放倒,"前● / 后●",●,-,-,●,7英寸,USB+AUX,-,6-7喇叭,卤素,卤素,-,-,-,-,●,●,"前● / 后●",主驾驶位,●,-,●,-,●,-,-,自动●,-
"YARiS L 致享 2017款 1.5G CVT炫动天窗版",广汽丰田,小型车,2017.03,"1.5L 107马力 L4",CVT无级变速(模拟8挡),4440*1700*1490,4门5座三厢车,-,5.1,1.5,自然吸气,无级变速箱(CVT),手刹,"主● / 副●","前● / 后-",-,-,●,●,●,●,●,●,●,-,-,-,-,-,-,-,-,-,-,●,●,●,-,●,-,-,-,-,●,●,●,-,-,-,织物,●,-,-,-,-,"前● / 后-",●,-,-,-,-,USB+AUX,单碟CD,4-5喇叭,卤素,卤素,●,-,-,-,●,-,"前● / 后●",-,-,-,●,-,●,-,-,手动●,-
"YARiS L 致享 2017款 1.5G CVT炫动版",广汽丰田,小型车,2017.03,"1.5L 107马力 L4",CVT无级变速(模拟8挡),4440*1700*1490,4门5座三厢车,-,5.1,1.5,自然吸气,无级变速箱(CVT),手刹,"主● / 副●","前● / 后-",-,-,●,●,●,●,●,●,●,-,-,-,-,-,-,-,-,-,-,●,●,-,-,●,-,-,-,-,●,●,●,-,-,-,织物,●,-,-,-,-,"前● / 后-",●,-,-,-,-,USB+AUX,单碟CD,4-5喇叭,卤素,卤素,●,-,-,-,●,-,"前● / 后●",-,-,-,●,-,●,-,-,手动●,-
"YARiS L 致享 2017款 1.5GS CVT锐动版",广汽丰田,小型车,2017.03,"1.5L 107马力 L4",CVT无级变速(模拟8挡),4440*1700*1490,4门5座三厢车,-,5.1,1.5,自然吸气,无级变速箱(CVT),手刹,"主● / 副●","前● / 后-",-,-,●,●,●,●,●,●,●,-,-,-,-,-,-,-,-,-,-,●,●,●,-,●,-,-,-,-,●,●,●,●,-,●,仿皮+真皮,●,-,-,-,比例放倒,"前● / 后-",●,-,-,-,-,USB+AUX,单碟CD,4-5喇叭,卤素,卤素,●,-,-,-,●,-,"前● / 后●",-,-,-,●,-,●,-,-,手动●,-
"传祺GA3S新能源 2017款 1.5L 尊享版",广汽乘用车,小型车,2017.04,"1.5L 97马力 L4",电动车单速变速箱,4600*1790*1530,4门5座三厢车,180,1.7,1.5,自然吸气,300,多连杆独立悬架,"主● / 副●",-,-,●,●,●,●,●,●,●,●,-,-,-,-,"前- / 后●",●,-,-,-,-,-,●,●,-,●,-,-,-,-,●,●,●,●,●,●,真皮,●,"主● / 副-",-,-,比例放倒,"前● / 后-",-,●,-,●,-,USB+AUX,-,6-7喇叭,卤素,卤素,-,-,-,-,●,-,"前● / 后●",主驾驶位,●,-,●,-,●,-,-,自动●,-
"传祺GA3S新能源 2017款 1.5L 精英版",广汽乘用车,小型车,2017.04,"1.5L 97马力 L4",电动车单速变速箱,4600*1790*1530,4门5座三厢车,180,1.7,1.5,自然吸气,300,多连杆独立悬架,"主● / 副●",-,-,-,●,●,●,●,●,●,●,-,-,-,-,"前- / 后●",●,-,-,-,-,-,●,-,-,●,-,-,-,-,●,●,●,●,●,●,皮/织物混搭,●,-,-,-,比例放倒,"前● / 后-",-,●,-,●,-,USB+AUX,-,6-7喇叭,卤素,卤素,-,-,-,-,●,-,"前● / 后●",主驾驶位,●,-,●,-,●,-,-,自动●,-
"传祺GA6 2016款 235T 自动尊贵版",广汽乘用车,中型车,2016.03,"1.5T 152马力 L4",7挡双离合,4850*1830*1485,4门5座三厢车,-,6.1,1.5,涡轮增压,双离合变速箱(DCT),电子驻车,"主● / 副●","前● / 后-","前● / 后●",●,●,●,●,●,●,●,●,-,-,-,-,"前- / 后●",●,-,-,-,-,●,●,●,-,●,-,-,-,-,●,●,●,●,●,●,真皮,●,"主● / 副●",-,●,-,"前● / 后●",●,●,●,●,8英寸,USB,单碟CD,8-9喇叭,氙气,氙气,●,-,●,●,●,●,"前● / 后●",主驾驶位,●,-,●,●,●,-,●,自动●,●
"传祺GA6 2016款 235T 自动精英版",广汽乘用车,中型车,2016.03,"1.5T 152马力 L4",7挡双离合,4850*1830*1485,4门5座三厢车,-,6.3,1.5,涡轮增压,双离合变速箱(DCT),电子驻车,"主● / 副●","前● / 后-",-,-,●,●,●,●,●,●,●,-,-,-,-,"前- / 后●",-,-,-,-,-,-,●,●,-,●,-,-,-,-,●,●,●,●,●,●,真皮,●,"主● / 副-",-,-,-,"前● / 后●",●,-,-,-,-,USB,单碟CD,6-7喇叭,卤素,卤素,●,-,-,-,●,-,"前● / 后●",主驾驶位,●,-,●,-,●,-,-,手动●,●
"传祺GA6 2016款 235T 自动舒适版",广汽乘用车,中型车,2016.03,"1.5T 152马力 L4",7挡双离合,4850*1830*1485,4门5座三厢车,-,6.3,1.5,涡轮增压,双离合变速箱(DCT),手刹,"主● / 副●",-,-,-,●,●,●,●,●,●,●,-,-,-,-,"前- / 后●",-,-,-,-,-,-,●,-,-,●,-,-,-,-,●,●,●,-,-,●,皮/织物混搭,●,-,-,-,-,"前● / 后-",-,-,-,-,-,USB,单碟CD,6-7喇叭,卤素,卤素,-,-,-,-,●,-,"前● / 后●",主驾驶位,●,-,●,-,●,-,-,手动●,●
"传祺GA6 2016款 235T 自动豪华版",广汽乘用车,中型车,2016.03,"1.5T 152马力 L4",7挡双离合,4850*1830*1485,4门5座三厢车,-,6.3,1.5,涡轮增压,双离合变速箱(DCT),电子驻车,"主● / 副●","前● / 后-",-,●,●,●,●,●,●,●,●,-,-,-,-,"前- / 后●",●,-,-,-,-,-,●,●,-,●,-,-,-,-,●,●,●,●,●,●,真皮,●,"主● / 副●",-,●,-,"前● / 后●",●,●,●,●,8英寸,USB,单碟CD,6-7喇叭,卤素,卤素,●,-,-,-,●,-,"前● / 后●",主驾驶位,●,-,●,●,●,-,-,自动●,●
"传祺GA8 2017款 280T 尊享版",广汽乘用车,中大型车,2017.04,"1.8T 188马力 L4",6挡手自一体,5003*1910*1508,4门5座三厢车,-,7.8,1.8,涡轮增压,手自一体变速箱(AT),电子驻车,"主● / 副●","前● / 后-","前● / 后-",●,●,●,●,●,●,●,●,-,-,-,-,"前● / 后●",●,-,-,-,-,●,●,●,-,●,-,-,-,-,●,●,●,●,●,●,真皮,●,"主● / 副●",-,●,-,"前● / 后●",●,●,-,●,10.1英寸,USB+AUX+HD,单碟CD,6-7喇叭,氙气,氙气,●,-,●,-,●,-,"前● / 后●",全车,●,●,●,●,●,-,●,自动●,●
"传祺GA8 2017款 280T 智享版",广汽乘用车,中大型车,2017.04,"1.8T 188马力 L4",6挡手自一体,5003*1910*1508,4门5座三厢车,-,7.8,1.8,涡轮增压,手自一体变速箱(AT),电子驻车,"主● / 副●","前● / 后-",-,-,●,●,●,●,●,●,●,-,-,-,-,"前- / 后●",-,-,-,-,-,●,●,●,-,●,-,-,-,-,●,●,●,●,●,●,真皮,●,"主● / 副●",-,-,-,"前● / 后●",●,-,-,●,10.1英寸,USB+AUX+HD,单碟CD,6-7喇叭,氙气,氙气,●,-,-,-,●,-,"前● / 后●",全车,●,●,●,●,●,-,-,自动●,●
"传祺GA8 2017款 320T 尊享版",广汽乘用车,中大型车,2017.04,"2.0T 197马力 L4",6挡手自一体,5003*1910*1508,4门5座三厢车,-,7.9,2.0,涡轮增压,手自一体变速箱(AT),电子驻车,"主● / 副●","前● / 后-","前● / 后-",●,●,●,●,●,●,●,●,-,-,-,-,"前● / 后●",●,-,-,-,-,●,●,●,-,●,-,-,-,-,●,●,●,●,●,●,真皮,●,"主● / 副●",-,●,-,"前● / 后●",●,●,-,●,10.1英寸,USB+AUX+HD,单碟CD,6-7喇叭,LED,LED,●,-,●,●,●,-,"前● / 后●",全车,●,●,●,●,●,-,●,自动●,●
"传祺GA8 2017款 320T 智享版",广汽乘用车,中大型车,2017.04,"2.0T 197马力 L4",6挡手自一体,5003*1910*1508,4门5座三厢车,-,7.9,2.0,涡轮增压,手自一体变速箱(AT),电子驻车,"主● / 副●","前● / 后-","前● / 后-",-,●,●,●,●,●,●,●,-,-,-,-,"前● / 后●",-,-,-,-,-,●,●,●,-,●,-,-,-,-,●,●,●,●,●,●,真皮,●,"主● / 副●",-,-,-,"前● / 后●",●,●,-,●,10.1英寸,USB+AUX+HD,单碟CD,6-7喇叭,氙气,氙气,●,-,●,-,●,-,"前● / 后●",全车,●,●,●,●,●,-,●,自动●,●
"凌派 2016款 1.8L CVT旗舰版",广汽本田,紧凑型车,2015.12,"1.8L 136马力 L4",CVT无级变速,4664*1750*1505,4门5座三厢车,195,6.2,1.8,自然吸气,无级变速箱(CVT),手刹,"主● / 副●","前● / 后-","前● / 后●",-,●,●,●,●,●,●,●,●,-,-,-,"前- / 后●",●,-,-,-,-,●,●,●,-,●,-,-,-,-,●,●,●,●,●,●,仿皮,●,-,-,-,比例放倒,"前● / 后●",●,-,-,●,7英寸,USB+HDMI,-,6-7喇叭,LED,卤素,●,-,-,-,●,●,"前● / 后●",主驾驶位,●,-,●,●,●,-,-,自动●,-
"凌派 2016款 1.8L CVT舒适版",广汽本田,紧凑型车,2015.12,"1.8L 136马力 L4",CVT无级变速,4664*1750*1505,4门5座三厢车,195,6.3,1.8,自然吸气,无级变速箱(CVT),手刹,"主● / 副●",-,-,-,●,●,●,●,●,●,●,-,-,-,-,-,-,-,-,-,-,-,●,-,-,●,-,-,-,-,●,●,●,-,-,-,织物,-,-,-,-,比例放倒,"前● / 后●",●,-,-,-,-,USB,-,4-5喇叭,卤素,卤素,-,-,-,-,●,-,"前● / 后●",主驾驶位,●,-,●,-,●,-,-,手动●,-
"凌派 2016款 1.8L CVT豪华版",广汽本田,紧凑型车,2015.12,"1.8L 136马力 L4",CVT无级变速,4664*1750*1505,4门5座三厢车,195,6.3,1.8,自然吸气,无级变速箱(CVT),手刹,"主● / 副●","前● / 后-",-,-,●,●,●,●,●,●,●,-,-,-,-,"前- / 后●",-,-,-,-,-,-,●,●,-,●,-,-,-,-,●,●,●,●,●,-,织物,●,-,-,-,比例放倒,"前● / 后●",●,-,-,●,7英寸,USB+HDMI,-,4-5喇叭,卤素,卤素,-,-,-,-,●,-,"前● / 后●",主驾驶位,●,-,●,-,●,-,-,手动●,-
"凌派 2016款 1.8L CVT领先版",广汽本田,紧凑型车,2015.12,"1.8L 136马力 L4",CVT无级变速,4664*1750*1505,4门5座三厢车,195,6.3,1.8,自然吸气,无级变速箱(CVT),手刹,"主● / 副●","前● / 后-",-,-,●,●,●,●,●,●,●,●,-,-,-,"前- / 后●",●,-,-,-,-,-,●,●,-,●,-,-,-,-,●,●,●,●,●,-,织物,●,-,-,-,比例放倒,"前● / 后●",●,-,-,●,7英寸,USB+HDMI,-,4-5喇叭,卤素,卤素,●,-,-,-,●,-,"前● / 后●",主驾驶位,●,-,●,●,●,-,-,自动●,-
"凌派 2017款 1.8L CVT舒适特装版",广汽本田,紧凑型车,2017.06,"1.8L 136马力 L4",CVT无级变速,4664*1750*1505,4门5座三厢车,-,-,1.8,自然吸气,无级变速箱(CVT),手刹,"主● / 副●",-,-,●,●,●,●,●,●,●,●,-,-,-,-,-,-,-,-,-,-,-,●,-,-,●,-,-,-,-,●,●,●,-,-,-,织物,-,-,-,-,比例放倒,"前● / 后●",●,-,-,-,-,USB,-,4-5喇叭,卤素,卤素,-,-,-,-,●,-,"前● / 后●",主驾驶位,●,-,●,-,●,-,-,手动●,-
"凌派 2017款 1.8L CVT豪华特装版",广汽本田,紧凑型车,2017.06,"1.8L 136马力 L4",CVT无级变速,4664*1750*1505,4门5座三厢车,-,-,1.8,自然吸气,无级变速箱(CVT),手刹,"主● / 副●","前● / 后-",-,●,●,●,●,●,●,●,●,-,-,-,-,"前- / 后●",-,-,-,-,-,-,●,●,-,●,-,-,-,-,●,●,●,●,●,-,织物,●,-,-,-,比例放倒,"前● / 后●",●,-,-,●,7英寸,USB+HDMI,-,4-5喇叭,卤素,卤素,-,-,-,-,●,-,"前● / 后●",主驾驶位,●,-,●,-,●,-,-,手动●,-
"凌渡 2017款 230TSI DSG风尚版",上汽大众,紧凑型车,2016.08,"1.4T 131马力 L4",7挡双离合,4598*1826*1425,4门5座三厢车,206,-,1.4,涡轮增压,双离合变速箱(DCT),电子驻车,"主● / 副●","前● / 后-",-,●,●,●,●,●,●,●,●,-,-,-,-,"前- / 后●",-,-,-,-,-,●,-,○,-,●,-,-,-,-,●,●,●,-,-,-,织物,●,-,-,-,比例放倒,"前● / 后-",-,-,-,-,-,USB+AUX+SD,单碟CD,6-7喇叭,卤素,卤素,-,-,-,●,●,-,"前● / 后●",全车,●,-,●,-,●,-,-,手动●,-
"博瑞 2015款 1.8T 尊贵型",吉利汽车,中型车,2015.04,"1.8T 163马力 L4",6挡手自一体,4956*1861*1513,4门5座三厢车,210,8.2,1.8,涡轮增压,手自一体变速箱(AT),电子驻车,"主● / 副●","前● / 后-","前● / 后●",●,●,●,●,●,●,●,●,-,-,-,-,"前● / 后●",●,-,-,-,-,-,●,●,●,●,-,-,-,-,●,●,●,●,●,●,真皮,●,"主● / 副●",-,●,-,"前● / 后●",●,●,-,●,-,USB+AUX,-,8-9喇叭,LED,卤素+LED,●,-,●,-,●,●,"前● / 后●",-,●,●,●,●,●,-,●,自动●,●
"博瑞 2015款 1.8T 旗舰型",吉利汽车,中型车,2015.04,"1.8T 163马力 L4",6挡手自一体,4956*1861*1513,4门5座三厢车,210,8.2,1.8,涡轮增压,手自一体变速箱(AT),电子驻车,"主● / 副●","前● / 后-","前● / 后●",●,●,●,●,●,●,●,●,●,●,●,-,"前● / 后●",●,●,●,●,●,-,●,●,●,●,-,-,-,-,●,●,●,●,●,●,真皮,●,"主● / 副●",●,●,-,"前● / 后●",●,●,-,●,-,USB+AUX,-,≥12喇叭,LED,卤素+LED,●,-,●,-,●,●,"前● / 后●",-,●,●,●,●,●,-,●,自动●,●
"博瑞 2015款 1.8T 标准型",吉利汽车,中型车,2015.04,"1.8T 163马力 L4",6挡手自一体,4956*1861*1513,4门5座三厢车,210,8.2,1.8,涡轮增压,手自一体变速箱(AT),电子驻车,"主● / 副●",-,-,-,●,●,●,●,●,●,●,-,-,-,-,"前- / 后●",-,-,-,-,-,-,●,-,-,●,-,-,-,-,●,●,●,●,●,●,仿皮,●,-,-,-,-,"前● / 后●",●,-,-,-,-,USB+AUX,-,6-7喇叭,卤素,卤素,●,-,●,-,●,-,"前● / 后●",-,●,●,●,-,●,-,●,自动●,●
"博瑞 2015款 2.4L 标准型",吉利汽车,中型车,2015.04,"2.4L 162马力 L4",6挡手自一体,4956*1861*1513,4门5座三厢车,210,9.1,2.4,自然吸气,手自一体变速箱(AT),电子驻车,"主● / 副●",-,-,-,●,●,●,●,●,●,●,-,-,-,-,"前- / 后●",-,-,-,-,-,-,●,-,-,●,-,-,-,-,●,●,●,●,●,●,仿皮,●,-,-,-,-,"前● / 后●",●,-,-,-,-,USB+AUX,-,6-7喇叭,卤素,卤素,●,-,●,-,●,-,"前● / 后●",-,●,●,●,-,●,-,●,自动●,●
"博瑞 2016款 1.8T 尊雅型",吉利汽车,中型车,2016.04,"1.8T 163马力 L4",6挡手自一体,4956*1861*1513,4门5座三厢车,-,8.2,1.8,涡轮增压,手自一体变速箱(AT),电子驻车,"主● / 副●","前● / 后-",-,●,●,●,●,●,●,●,●,-,-,-,-,"前● / 后●",●,-,-,-,-,-,●,●,●,●,-,-,-,-,●,●,●,●,●,●,仿皮,●,"主● / 副-",-,-,-,"前● / 后●",●,●,-,●,-,USB+AUX,-,8-9喇叭,卤素,卤素,●,-,●,-,-,●,"前● / 后●",-,●,●,●,-,●,-,●,自动●,●
"博瑞 2016款 1.8T 舒适型",吉利汽车,中型车,2016.11,"1.8T 163马力 L4",6挡手自一体,4956*1861*1513,4门5座三厢车,210,8.2,1.8,涡轮增压,手自一体变速箱(AT),电子驻车,"主● / 副●","前● / 后-",-,●,●,●,●,●,●,●,●,-,-,-,-,"前● / 后●",-,-,-,-,-,-,●,●,●,●,-,-,-,-,●,●,●,●,●,●,仿皮,●,"主● / 副-",-,-,-,"前● / 后●",●,-,-,-,-,USB+AUX,-,6-7喇叭,卤素,卤素,●,-,●,-,-,●,"前● / 后●",-,●,●,●,-,●,-,●,自动●,●
"博瑞 2016款 2.4L 尊雅型",吉利汽车,中型车,2016.04,"2.4L 162马力 L4",6挡手自一体,4956*1861*1513,4门5座三厢车,-,9.1,2.4,自然吸气,手自一体变速箱(AT),电子驻车,"主● / 副●","前● / 后-",-,●,●,●,●,●,●,●,●,-,-,-,-,"前● / 后●",●,-,-,-,-,-,●,●,●,●,-,-,-,-,●,●,●,●,●,●,仿皮,●,"主● / 副-",-,-,-,"前● / 后●",●,●,-,●,-,USB+AUX,-,8-9喇叭,卤素,卤素,●,-,●,-,-,●,"前● / 后●",-,●,●,●,-,●,-,●,自动●,●
"博瑞 2016款 2.4L 舒适型",吉利汽车,中型车,2016.11,"2.4L 162马力 L4",6挡手自一体,4956*1861*1513,4门5座三厢车,210,9.1,2.4,自然吸气,手自一体变速箱(AT),电子驻车,"主● / 副●","前● / 后-",-,●,●,●,●,●,●,●,●,-,-,-,-,"前● / 后●",-,-,-,-,-,-,●,●,●,●,-,-,-,-,●,●,●,●,●,●,仿皮,●,"主● / 副-",-,-,-,"前● / 后●",●,-,-,-,-,USB+AUX,-,6-7喇叭,卤素,卤素,●,-,●,-,-,●,"前● / 后●",-,●,●,●,-,●,-,●,自动●,●
"卡罗拉 2016款 双擎 1.8L CVT先锋版",一汽丰田,紧凑型车,2015.10,"1.8L 99马力 L4",E-CVT无级变速,4630*1775*1485,4门5座三厢车,180,4.2,1.8,自然吸气,207,扭力梁式非独立悬架,"主● / 副●","前● / 后-","前● / 后●",-,●,●,●,●,●,●,●,-,-,-,-,-,-,-,-,-,-,-,●,-,-,●,-,-,-,-,●,●,●,●,-,-,织物,-,-,-,-,-,"前● / 后-",-,-,-,-,-,USB+AUX,单碟CD,6-7喇叭,LED,LED,-,-,-,-,●,-,"前● / 后●",,-,●,●,●,●,-,-,自动●,-
"卡罗拉 2016款 双擎 1.8L CVT旗舰版",一汽丰田,紧凑型车,2015.10,"1.8L 99马力 L4",E-CVT无级变速,4630*1775*1485,4门5座三厢车,180,4.2,1.8,自然吸气,207,扭力梁式非独立悬架,"主● / 副●","前● / 后-","前● / 后●",-,●,●,●,●,●,●,●,-,-,-,-,-,●,-,-,-,-,-,●,●,-,●,-,-,-,-,●,●,●,●,●,●,真皮,●,"主● / 副-",-,-,-,"前● / 后●",●,●,-,●,-,USB+AUX,单碟CD,6-7喇叭,LED,LED,●,●,●,-,●,●,"前● / 后●",,-,●,●,●,●,-,●,自动●,-
"卡罗拉 2016款 双擎 1.8L CVT精英版",一汽丰田,紧凑型车,2015.10,"1.8L 99马力 L4",E-CVT无级变速,4630*1775*1485,4门5座三厢车,180,4.2,1.8,自然吸气,207,扭力梁式非独立悬架,"主● / 副●","前● / 后-","前● / 后●",-,●,●,●,●,●,●,●,-,-,-,-,"前● / 后●",-,-,-,-,-,-,●,●,-,●,-,-,-,-,●,●,●,●,-,●,真皮,●,-,-,-,-,"前● / 后●",●,-,-,-,-,USB+AUX,单碟CD,6-7喇叭,LED,LED,-,-,●,-,●,●,"前● / 后●",,-,●,●,●,●,-,-,自动●,-
"卡罗拉 2016款 双擎 1.8L CVT豪华版",一汽丰田,紧凑型车,2015.10,"1.8L 99马力 L4",E-CVT无级变速,4630*1775*1485,4门5座三厢车,180,4.2,1.8,自然吸气,207,扭力梁式非独立悬架,"主● / 副●","前● / 后-","前● / 后●",-,●,●,●,●,●,●,●,-,-,-,-,-,●,-,-,-,-,-,●,●,-,●,-,-,-,-,●,●,●,●,●,●,真皮,●,-,-,-,-,"前● / 后●",●,-,-,●,-,USB+AUX,-,6-7喇叭,LED,LED,●,-,●,-,●,●,"前● / 后●",,-,●,●,●,●,-,-,自动●,-
"卡罗拉 2016款 双擎 1.8L CVT领先版",一汽丰田,紧凑型车,2016.07,"1.8L 99马力 L4",E-CVT无级变速,4630*1775*1485,4门5座三厢车,180,4.2,1.8,自然吸气,207,扭力梁式非独立悬架,"主● / 副●","前● / 后-","前● / 后●",-,●,●,●,●,●,●,●,-,-,-,-,-,-,-,-,-,-,-,●,●,-,●,-,-,-,-,●,●,●,●,-,-,织物,-,-,-,-,-,"前● / 后-",-,-,-,-,-,USB+AUX,单碟CD,6-7喇叭,LED,LED,-,-,-,-,●,-,"前● / 后●",,-,●,●,●,●,-,-,自动●,-
"卡罗拉 2017款 1.2T CVT GL",一汽丰田,紧凑型车,2016.09,"1.2T 116马力 L4",CVT无级变速(模拟8挡),4630*1775*1480,4门5座三厢车,-,5.4,1.2,涡轮增压,无级变速箱(CVT),手刹,"主● / 副●","前● / 后-",-,-,●,●,●,●,●,●,●,-,-,-,-,-,-,-,-,-,-,●,●,-,-,●,-,-,-,-,-,●,●,-,-,-,织物,-,-,-,-,-,"前● / 后-",-,-,-,-,-,USB+AUX,单碟CD,6-7喇叭,卤素,卤素,-,-,-,-,●,-,"前● / 后●",,-,-,●,●,●,-,-,手动●,-
"卡罗拉 2017款 1.2T CVT GL-i",一汽丰田,紧凑型车,2016.09,"1.2T 116马力 L4",CVT无级变速(模拟8挡),4630*1775*1480,4门5座三厢车,-,5.4,1.2,涡轮增压,无级变速箱(CVT),手刹,"主● / 副●","前● / 后-",-,-,●,●,●,●,●,●,●,-,-,-,-,"前● / 后●",-,-,-,-,-,●,●,●,-,●,-,-,-,-,●,●,●,-,-,-,织物,●,-,-,-,-,"前● / 后-",-,-,-,-,-,USB+AUX,单碟CD,6-7喇叭,卤素,卤素,-,-,-,-,●,-,"前● / 后●",,●,-,●,●,●,-,-,手动●,-
"卡罗拉 2017款 1.2T CVT GL-i真皮版",一汽丰田,紧凑型车,2016.09,"1.2T 116马力 L4",CVT无级变速(模拟8挡),4630*1775*1480,4门5座三厢车,-,5.4,1.2,涡轮增压,无级变速箱(CVT),手刹,"主● / 副●","前● / 后-",-,-,●,●,●,●,●,●,●,-,-,-,-,"前● / 后●",-,-,-,-,-,●,●,●,-,●,-,-,-,-,●,●,●,-,-,●,真皮,●,-,-,-,比例放倒,"前● / 后●",●,-,-,-,-,USB+AUX,单碟CD,6-7喇叭,卤素,卤素,-,-,-,-,●,-,"前● / 后●",,●,-,●,●,●,-,-,手动●,-
"卡罗拉 2017款 1.2T CVT GL-i真皮特别版",一汽丰田,紧凑型车,2016.09,"1.2T 116马力 L4",CVT无级变速(模拟8挡),4630*1775*1480,4门5座三厢车,-,5.4,1.2,涡轮增压,无级变速箱(CVT),手刹,"主● / 副●","前● / 后-",-,-,●,●,●,●,●,●,●,-,-,-,-,"前● / 后●",-,-,-,-,-,●,●,●,-,●,-,-,-,-,●,●,●,-,-,●,真皮,●,-,-,-,比例放倒,"前● / 后●",●,-,-,-,-,USB+AUX,单碟CD,6-7喇叭,卤素,卤素,-,-,-,-,●,-,"前● / 后●",,●,-,●,●,●,-,-,手动●,-
"卡罗拉 2017款 1.2T CVT GLX-i",一汽丰田,紧凑型车,2016.09,"1.2T 116马力 L4",CVT无级变速(模拟8挡),4630*1775*1480,4门5座三厢车,-,5.4,1.2,涡轮增压,无级变速箱(CVT),手刹,"主● / 副●","前● / 后-",-,-,●,●,●,●,●,●,●,-,-,-,-,-,●,-,-,-,-,●,●,●,-,●,-,-,-,-,●,●,●,●,●,●,真皮,●,-,-,-,比例放倒,"前● / 后●",●,-,-,●,-,USB+AUX,单碟CD,6-7喇叭,卤素,卤素,-,-,●,-,●,-,"前● / 后●",,●,-,●,●,●,-,-,自动●,-
"卡罗拉 2017款 1.8L CVT GLX-i",一汽丰田,紧凑型车,2016.09,"1.8L 140马力 L4",CVT无级变速(模拟8挡),4630*1775*1480,4门5座三厢车,-,5.9,1.8,自然吸气,无级变速箱(CVT),手刹,"主● / 副●","前● / 后-",-,-,●,●,●,●,●,●,●,-,-,-,-,-,●,-,-,-,-,●,●,●,-,●,-,-,-,-,●,●,●,●,●,●,真皮,●,-,-,-,比例放倒,"前● / 后●",●,-,-,●,-,USB+AUX,单碟CD,6-7喇叭,卤素,卤素,●,-,●,-,●,●,"前● / 后●",,●,-,●,●,●,-,-,自动●,-
"卡罗拉 2017款 1.8L CVT至高版",一汽丰田,紧凑型车,2016.09,"1.8L 140马力 L4",CVT无级变速(模拟8挡),4630*1775*1480,4门5座三厢车,-,5.9,1.8,自然吸气,无级变速箱(CVT),手刹,"主● / 副●","前● / 后-","前● / 后●",-,●,●,●,●,●,●,●,-,-,-,-,-,●,-,-,-,-,●,●,●,-,●,-,-,-,-,●,●,●,●,●,●,真皮,●,"主● / 副-",-,-,比例放倒,"前● / 后●",●,●,-,●,-,USB+AUX,单碟CD,6-7喇叭,卤素,卤素,●,-,●,-,●,●,"前● / 后●",,●,-,●,●,●,-,-,自动●,-
"卡罗拉 2017款 改款 1.2T CVT GL",一汽丰田,紧凑型车,2017.04,"1.2T 116马力 L4",CVT无级变速(模拟8挡),4620*1775*1480,4门5座三厢车,-,5.4,1.2,涡轮增压,无级变速箱(CVT),手刹,"主● / 副●","前● / 后-",-,-,●,●,●,●,●,●,●,-,-,-,-,-,-,-,-,-,-,●,●,-,-,●,-,-,-,-,-,●,●,-,-,-,织物,●,-,-,-,-,"前● / 后-",-,-,-,-,-,USB+AUX,单碟CD,4-5喇叭,卤素,卤素,-,-,-,-,●,-,"前● / 后●",-,-,-,●,-,●,-,-,手动●,-
"卡罗拉 2017款 改款 1.2T CVT GL-i",一汽丰田,紧凑型车,2017.04,"1.2T 116马力 L4",CVT无级变速(模拟8挡),4620*1775*1480,4门5座三厢车,-,5.6,1.2,涡轮增压,无级变速箱(CVT),手刹,"主● / 副●","前● / 后-",-,-,●,●,●,●,●,●,●,-,-,-,-,-,●,-,-,-,-,●,●,●,-,●,-,-,-,-,●,●,●,-,-,-,织物,●,-,-,-,比例放倒,"前● / 后●",●,-,-,●,8英寸,USB+AUX,-,4-5喇叭,卤素,卤素,-,-,-,-,●,-,"前● / 后●",主驾驶位,●,-,●,-,●,-,-,手动●,-
"卡罗拉 2017款 改款 1.2T CVT GL-i真皮版",一汽丰田,紧凑型车,2017.04,"1.2T 116马力 L4",CVT无级变速(模拟8挡),4620*1775*1480,4门5座三厢车,-,5.6,1.2,涡轮增压,无级变速箱(CVT),手刹,"主● / 副●","前● / 后-",-,-,●,●,●,●,●,●,●,-,-,-,-,-,●,-,-,-,-,●,●,●,-,●,-,-,-,-,●,●,●,-,-,●,真皮,●,-,-,-,比例放倒,"前● / 后●",●,-,-,●,8英寸,USB+AUX,-,6-7喇叭,卤素,卤素,-,-,-,-,●,-,"前● / 后●",主驾驶位,●,-,●,-,●,-,-,手动●,-
"卡罗拉 2017款 改款 1.2T CVT GLX-i",一汽丰田,紧凑型车,2017.04,"1.2T 116马力 L4",CVT无级变速(模拟8挡),4620*1775*1480,4门5座三厢车,-,5.6,1.2,涡轮增压,无级变速箱(CVT),手刹,"主● / 副●","前● / 后-",-,-,●,●,●,●,●,●,●,-,-,-,-,-,●,-,-,-,-,●,●,●,-,●,-,-,-,-,●,●,●,●,●,●,真皮,●,-,-,-,比例放倒,"前● / 后●",●,-,-,●,8英寸,USB+AUX,-,6-7喇叭,卤素,卤素,-,-,●,-,●,●,"前● / 后●",主驾驶位,●,-,●,-,●,-,-,自动●,-
"卡罗拉 2017款 改款 1.8L CVT GLX-i",一汽丰田,紧凑型车,2017.04,"1.8L 140马力 L4",CVT无级变速(模拟8挡),4620*1775*1480,4门5座三厢车,-,5.9,1.8,自然吸气,无级变速箱(CVT),手刹,"主● / 副●","前● / 后-",-,-,●,●,●,●,●,●,●,-,-,-,-,-,●,-,-,-,-,●,●,●,-,●,-,-,-,-,●,●,●,●,●,●,真皮,●,-,-,-,比例放倒,"前● / 后●",●,-,-,●,8英寸,USB+AUX,-,6-7喇叭,LED,LED,●,-,●,-,●,●,"前● / 后●",主驾驶位,●,-,●,●,●,-,-,自动●,-
"卡罗拉 2017款 改款双擎 1.8L CVT先锋版",一汽丰田,紧凑型车,2017.04,"1.8L 99马力 L4",E-CVT无级变速,4630*1775*1485,4门5座三厢车,180,4.2,1.8,自然吸气,207,扭力梁式非独立悬架,"主● / 副●","前● / 后-","前● / 后●",-,●,●,●,●,●,●,●,-,-,-,-,-,-,-,-,-,-,-,●,-,-,●,-,-,-,-,●,●,●,●,-,-,织物,●,-,-,-,-,"前● / 后-",-,-,-,-,-,USB+AUX,单碟CD,6-7喇叭,LED,LED,-,-,-,-,●,●,"前● / 后●",主驾驶位,-,●,●,-,●,-,-,自动●,-
"卡罗拉 2017款 改款双擎 1.8L CVT旗舰版",一汽丰田,紧凑型车,2017.04,"1.8L 99马力 L4",E-CVT无级变速,4630*1775*1485,4门5座三厢车,180,4.2,1.8,自然吸气,207,扭力梁式非独立悬架,"主● / 副●","前● / 后-","前● / 后●",-,●,●,●,●,●,●,●,-,-,-,-,-,●,-,-,-,-,-,●,●,-,●,-,-,-,-,●,●,●,●,●,●,真皮,●,"主● / 副-",-,-,-,"前● / 后●",●,●,-,●,8英寸,USB+AUX,-,6-7喇叭,LED,LED,●,●,●,-,●,●,"前● / 后●",主驾驶位,●,●,●,●,●,-,●,自动●,-
"卡罗拉 2017款 改款双擎 1.8L CVT精英版",一汽丰田,紧凑型车,2017.04,"1.8L 99马力 L4",E-CVT无级变速,4630*1775*1485,4门5座三厢车,180,4.2,1.8,自然吸气,207,扭力梁式非独立悬架,"主● / 副●","前● / 后-","前● / 后●",-,●,●,●,●,●,●,●,-,-,-,-,"前● / 后●",-,-,-,-,-,-,●,●,-,●,-,-,-,-,●,●,●,●,-,●,真皮,●,-,-,-,-,"前● / 后●",●,-,-,-,-,USB+AUX,单碟CD,6-7喇叭,LED,LED,-,-,●,-,●,●,"前● / 后●",主驾驶位,●,●,●,-,●,-,-,自动●,-
"卡罗拉 2017款 改款双擎 1.8L CVT豪华版",一汽丰田,紧凑型车,2017.04,"1.8L 99马力 L4",E-CVT无级变速,4630*1775*1485,4门5座三厢车,180,4.2,1.8,自然吸气,207,扭力梁式非独立悬架,"主● / 副●","前● / 后-","前● / 后●",-,●,●,●,●,●,●,●,-,-,-,-,-,●,-,-,-,-,-,●,●,-,●,-,-,-,-,●,●,●,●,●,●,真皮,●,-,-,-,-,"前● / 后●",●,-,-,●,8英寸,USB+AUX,-,6-7喇叭,LED,LED,●,-,●,-,●,●,"前● / 后●",主驾驶位,●,●,●,●,●,-,-,自动●,-
"卡罗拉 2017款 改款双擎 1.8L CVT领先版",一汽丰田,紧凑型车,2017.04,"1.8L 99马力 L4",E-CVT无级变速,4630*1775*1485,4门5座三厢车,180,4.2,1.8,自然吸气,207,扭力梁式非独立悬架,"主● / 副●","前● / 后-","前● / 后●",-,●,●,●,●,●,●,●,-,-,-,-,-,-,-,-,-,-,-,●,●,-,●,-,-,-,-,●,●,●,●,-,-,织物,●,-,-,-,-,"前● / 后-",-,-,-,-,-,USB+AUX,单碟CD,6-7喇叭,LED,LED,-,-,-,-,●,●,"前● / 后●",主驾驶位,-,●,●,-,●,-,-,自动●,-
"名图 2017款 1.6T 自动旗舰型TOP",北京现代,中型车,2017.04,"1.6T 175马力 L4",7挡双离合,4710*1820*1470,4门5座三厢车,210,6.5,1.6,涡轮增压,双离合变速箱(DCT),脚刹,"主● / 副●","前● / 后-",-,●,●,●,●,●,●,●,●,●,-,-,-,"前- / 后●",●,-,-,-,-,○,●,●,●,●,-,-,●,-,●,●,●,●,●,●,仿皮,●,"主● / 副-",-,-,-,"前● / 后●",●,-,-,●,8英寸,USB+AUX,-,6-7喇叭,卤素(选装氙气),卤素(选装氙气),●,-,●,-,-,-,"前● / 后●",-,●,-,●,●,●,-,-,自动●,●
"名图 2017款 1.6T 自动智能型GLS",北京现代,中型车,2017.04,"1.6T 175马力 L4",7挡双离合,4710*1820*1470,4门5座三厢车,210,6.5,1.6,涡轮增压,双离合变速箱(DCT),脚刹,"主● / 副●",-,-,-,●,●,●,●,●,●,●,-,-,-,-,"前- / 后●",●,-,-,-,-,○,●,●,●,●,-,-,●,-,●,●,●,●,●,-,仿皮,●,-,-,-,-,"前● / 后●",●,-,-,●,8英寸,USB+AUX,-,6-7喇叭,卤素,卤素,●,-,-,-,-,-,"前● / 后●",-,●,-,●,-,●,-,-,自动●,●
"名图 2017款 1.8L 自动尊贵型DLX",北京现代,中型车,2017.03,"1.8L 143马力 L4",6挡手自一体,4710*1820*1470,4门5座三厢车,200,6.7,1.8,自然吸气,手自一体变速箱(AT),脚刹,"主● / 副●","前● / 后-",-,●,●,●,●,●,●,●,●,○,-,-,-,"前- / 后●",●,-,-,-,-,●,●,●,●,●,-,-,●,-,●,●,●,●,●,●,仿皮,●,"主● / 副-",-,-,-,"前● / 后●",●,-,-,●,8英寸,USB+AUX,-,6-7喇叭,卤素(选装氙气),卤素(选装氙气),●,-,●,-,-,-,"前● / 后●",-,●,-,●,●,●,-,-,自动●,●
"名图 2017款 1.8L 自动智能型GLS",北京现代,中型车,2017.04,"1.8L 143马力 L4",6挡手自一体,4710*1820*1470,4门5座三厢车,200,6.7,1.8,自然吸气,手自一体变速箱(AT),脚刹,"主● / 副●",-,-,-,●,●,●,●,●,●,●,-,-,-,-,"前- / 后●",●,-,-,-,-,●,●,●,●,●,-,-,●,-,●,●,●,●,●,-,仿皮,●,-,-,-,-,"前● / 后●",●,-,-,●,8英寸,USB+AUX,-,6-7喇叭,卤素,卤素,●,-,-,-,-,-,"前● / 后●",-,●,-,●,-,●,-,-,自动●,●
"君威 2015款 2.0L 领先时尚型",上汽通用别克,中型车,2015.03,"2.0L 154马力 L4",6挡手自一体,4843*1856*1484,4门5座三厢车,197,8.2,2.0,自然吸气,手自一体变速箱(AT),手刹,"主● / 副●","前● / 后-",-,●,●,●,●,●,●,●,●,-,-,-,-,"前- / 后●",-,-,-,-,-,-,●,●,-,●,-,-,-,-,●,●,●,-,-,-,皮/织物混搭,●,"主● / 副-",-,-,比例放倒,"前● / 后●",●,-,-,-,-,USB+AUX,-,6-7喇叭,卤素,卤素,●,-,●,-,●,●,"前● / 后●",主驾驶位,●,-,●,-,●,-,-,自动●,●
"君威 2017款 20T 领先型",上汽通用别克,中型车,2017.07,"1.5T 170马力 L4",9挡手自一体,4902*1863*1456,4门5座三厢车,-,6.3,1.5,涡轮增压,手自一体变速箱(AT),电子驻车,"主● / 副●","前● / 后-","前● / 后●",●,●,●,●,●,●,●,●,-,-,-,-,"前- / 后●",-,-,-,-,-,●,●,●,-,●,-,-,-,-,●,●,●,●,●,-,织物,●,-,-,-,比例放倒,"前● / 后●",●,-,-,●,8英寸,USB+AUX,-,6-7喇叭,卤素,卤素,●,-,●,-,-,-,"前● / 后●",主驾驶位,●,●,●,-,●,-,-,自动●,●
"哥瑞 2016款 1.5L CVT豪华版",东风本田,紧凑型车,2015.10,"1.5L 131马力 L4",CVT无级变速,4495*1705*1477,4门5座三厢车,188,5.5,1.5,自然吸气,无级变速箱(CVT),手刹,"主● / 副●","前● / 后-","前● / 后●",-,●,●,●,●,●,●,●,-,-,-,-,"前- / 后●",●,-,-,-,-,-,●,●,-,●,-,-,-,-,●,●,●,●,●,●,真皮,●,-,-,-,-,"前● / 后-",-,-,-,●,7英寸,USB+HDMI,-,4-5喇叭,卤素,卤素,-,-,-,-,●,-,"前● / 后●",-,●,-,●,-,●,-,-,自动●,●
"哥瑞 2016款 1.5L CVT风尚版",东风本田,紧凑型车,2015.10,"1.5L 131马力 L4",CVT无级变速,4495*1705*1477,4门5座三厢车,186,5.4,1.5,自然吸气,无级变速箱(CVT),手刹,"主● / 副●","前● / 后-",-,-,●,●,●,●,●,●,●,-,-,-,-,-,-,-,-,-,-,-,●,●,-,●,-,-,-,-,●,●,●,-,-,-,织物,●,-,-,-,-,"前● / 后-",-,-,-,-,-,USB,-,4-5喇叭,卤素,卤素,-,-,-,-,●,-,"前● / 后●",-,●,-,●,-,●,-,-,手动●,●
"天籁 2016款 2.0L XE时尚版",东风日产,中型车,2016.07,"2.0L 150马力 L4",CVT无级变速,4891*1830*1490,4门5座三厢车,192,7.2,2.0,自然吸气,无级变速箱(CVT),脚刹,"主● / 副●","前● / 后-","前● / 后●",-,●,●,●,●,●,●,●,-,-,-,-,-,-,-,-,-,-,-,●,●,-,●,-,-,-,-,●,●,●,●,-,-,织物,●,-,-,-,-,"前● / 后●",●,-,-,-,-,AUX,单碟CD,4-5喇叭,卤素,卤素,-,-,-,-,●,-,"前● / 后●",主驾驶位,●,●,●,-,●,-,-,自动●,●
"威朗 2017款 三厢 15S 自动进取型",上汽通用别克,紧凑型车,2016.09,"1.5L 118马力 L4",6挡手自一体,4718*1802*1466,4门5座三厢车,180,6.3,1.5,自然吸气,手自一体变速箱(AT),电子驻车,"主● / 副●","前● / 后-","前● / 后●",●,●,●,●,●,●,●,●,-,-,-,-,"前- / 后●",-,-,-,-,-,●,●,●,-,●,-,-,-,-,●,●,●,-,-,-,织物,●,-,-,-,整体放倒,"前● / 后-",-,-,-,-,-,USB,-,6-7喇叭,卤素(选装LED),卤素,●,-,-,-,-,●,"前● / 后●",主驾驶位,●,-,●,-,●,-,-,手动●,●
"威朗 2017款 三厢 15S 自动领先型",上汽通用别克,紧凑型车,2016.09,"1.5L 118马力 L4",6挡手自一体,4718*1802*1466,4门5座三厢车,180,6.3,1.5,自然吸气,手自一体变速箱(AT),电子驻车,"主● / 副●","前● / 后-","前● / 后●",●,●,●,●,●,●,●,●,-,-,-,-,"前- / 后●",-,-,-,-,-,●,●,●,-,●,-,-,-,-,●,●,●,-,-,-,真皮,●,"主● / 副-",-,-,比例放倒,"前● / 后-",-,-,-,●,8英寸,USB+AUX,-,6-7喇叭,卤素(选装LED),卤素,●,-,●,-,-,●,"前● / 后●",主驾驶位,●,-,●,-,●,-,-,手动●,●
"威朗 2017款 三厢 20T 双离合精英型",上汽通用别克,紧凑型车,2016.09,"1.5T 169马力 L4",7挡双离合,4718*1802*1471,4门5座三厢车,205,6.1,1.5,涡轮增压,双离合变速箱(DCT),电子驻车,"主● / 副●","前● / 后-","前● / 后●",●,●,●,●,●,●,●,●,-,-,-,-,"前- / 后●",●,-,-,-,-,●,●,●,-,●,-,-,-,-,●,●,●,-,-,-,真皮,●,"主● / 副●",-,-,比例放倒,"前● / 后●",●,-,-,●,8英寸,USB+AUX,-,6-7喇叭,卤素(选装LED),卤素,●,-,●,-,-,●,"前● / 后●",主驾驶位,●,-,●,-,●,-,-,自动●,●
"威朗 2017款 三厢 20T 双离合领先型",上汽通用别克,紧凑型车,2016.09,"1.5T 169马力 L4",7挡双离合,4718*1802*1471,4门5座三厢车,205,6.1,1.5,涡轮增压,双离合变速箱(DCT),电子驻车,"主● / 副●","前● / 后-","前● / 后●",●,●,●,●,●,●,●,●,-,-,-,-,"前- / 后●",-,-,-,-,-,●,●,●,-,●,-,-,-,-,●,●,●,-,-,-,织物,●,-,-,-,比例放倒,"前● / 后-",-,-,-,●,8英寸,USB+AUX,-,6-7喇叭,卤素(选装LED),卤素,●,-,●,-,-,●,"前● / 后●",主驾驶位,●,-,●,-,●,-,-,手动●,●
"威驰 2017款 1.5L CVT尊行版",一汽丰田,小型车,2016.09,"1.5L 107马力 L4",CVT无级变速(模拟8挡),4420*1700*1490,4门5座三厢车,180,5.3,1.5,自然吸气,无级变速箱(CVT),手刹,"主● / 副●","前● / 后-",-,-,●,●,●,●,●,●,●,-,-,-,-,-,-,-,-,-,-,●,●,●,-,●,-,-,-,-,●,●,●,●,●,●,真皮,●,-,-,-,比例放倒,-,●,-,-,-,-,USB+AUX,单碟CD,4-5喇叭,卤素,卤素,●,-,-,-,●,-,"前● / 后●",主驾驶位,●,-,●,-,●,-,-,手动●,-
"威驰 2017款 1.5L CVT智行版",一汽丰田,小型车,2016.09,"1.5L 107马力 L4",CVT无级变速(模拟8挡),4420*1700*1490,4门5座三厢车,180,5.3,1.5,自然吸气,无级变速箱(CVT),手刹,"主● / 副●","前● / 后-",-,-,●,●,●,●,●,●,●,-,-,-,-,-,-,-,-,-,-,●,●,●,-,●,-,-,-,-,●,●,●,-,-,-,织物,●,-,-,-,-,-,●,-,-,-,-,USB+AUX,单碟CD,4-5喇叭,卤素,卤素,-,-,-,-,●,-,"前● / 后●",主驾驶位,●,-,●,-,●,-,-,手动●,-
"宝来 2017款 1.6L 自动两百万辆纪念版",一汽-大众,紧凑型车,2017.03,"1.6L 110马力 L4",6挡手自一体,4562*1793*1468,4门5座三厢车,-,-,1.6,自然吸气,手自一体变速箱(AT),手刹,"主● / 副●","前● / 后-","前● / 后●",●,●,●,●,●,●,●,●,-,-,-,-,"前○ / 后●",●,-,-,-,-,-,●,●,-,●,-,-,-,-,●,●,●,-,-,●,真皮,●,-,-,-,比例放倒,"前● / 后●",●,-,-,●,6.5英寸,USB+AUX+SD,-,6-7喇叭,卤素(选装氙气),卤素,-,-,-,-,●,-,"前● / 后●",全车,●,●,●,-,●,-,-,手动●,-
"宝来 2017款 1.6L 自动时尚型",一汽-大众,紧凑型车,2017.03,"1.6L 110马力 L4",6挡手自一体,4562*1793*1468,4门5座三厢车,-,-,1.6,自然吸气,手自一体变速箱(AT),手刹,"主● / 副●",-,-,-,●,●,●,●,●,●,●,-,-,-,-,"前- / 后●",-,-,-,-,-,-,●,-,-,●,-,-,-,-,●,●,●,-,-,-,织物,●,-,-,-,整体放倒,"前● / 后-",●,-,-,-,-,USB+AUX+SD,单碟CD,6-7喇叭,卤素,卤素,-,-,-,-,-,-,"前● / 后●",全车,●,●,●,-,●,-,-,手动●,-
"宝来 2017款 1.6L 自动舒适型",一汽-大众,紧凑型车,2017.03,"1.6L 110马力 L4",6挡手自一体,4562*1793*1468,4门5座三厢车,-,-,1.6,自然吸气,手自一体变速箱(AT),手刹,"主● / 副●","前● / 后-","前● / 后●",●,●,●,●,●,●,●,●,-,-,-,-,"前○ / 后●",○,-,-,-,-,-,●,●,-,●,-,-,-,-,●,●,●,-,-,●,真皮,●,-,-,-,比例放倒,"前● / 后●",●,-,-,○,(选装5英寸),USB+AUX+SD,单碟CD,6-7喇叭,卤素(选装氙气),卤素,-,-,-,-,●,-,"前● / 后●",全车,●,●,●,-,●,-,-,手动●,-
"宝来 2017款 1.6L 自动豪华型",一汽-大众,紧凑型车,2017.03,"1.6L 110马力 L4",6挡手自一体,4562*1793*1468,4门5座三厢车,-,-,1.6,自然吸气,手自一体变速箱(AT),手刹,"主● / 副●","前● / 后-","前● / 后●",●,●,●,●,●,●,●,●,-,-,-,-,"前○ / 后●",○,-,-,-,-,-,●,●,-,●,-,-,-,-,●,●,●,●,●,●,真皮,●,-,-,-,比例放倒,"前● / 后●",●,-,-,○,(选装5英寸),USB+AUX+SD,单碟CD,6-7喇叭,卤素(选装氙气),卤素,○,-,○,●,●,-,"前● / 后●",全车,●,●,●,●,●,-,●,自动●,-
"宝来 2017款 1.6L 自动运动版",一汽-大众,紧凑型车,2017.03,"1.6L 110马力 L4",6挡手自一体,4562*1793*1468,4门5座三厢车,-,-,1.6,自然吸气,手自一体变速箱(AT),手刹,"主● / 副●","前● / 后-","前● / 后●",●,●,●,●,●,●,●,●,-,-,-,-,"前○ / 后●",○,-,-,-,-,-,●,●,-,●,-,-,-,-,●,●,●,-,-,●,真皮,●,-,-,-,比例放倒,"前● / 后●",●,-,-,○,(选装5英寸),USB+AUX+SD,单碟CD,6-7喇叭,卤素(选装氙气),卤素,-,-,-,-,●,-,"前● / 后●",全车,●,●,●,-,●,-,-,手动●,-
"宝来 2017款 230TSI DSG舒适型",一汽-大众,紧凑型车,2017.03,"1.4T 131马力 L4",7挡双离合,4562*1793*1468,4门5座三厢车,-,-,1.4,涡轮增压,双离合变速箱(DCT),手刹,"主● / 副●","前● / 后-","前● / 后●",●,●,●,●,●,●,●,●,-,-,-,-,"前○ / 后●",○,-,-,-,-,●,●,●,-,●,-,-,-,-,●,●,●,-,-,●,真皮,●,-,-,-,比例放倒,"前● / 后●",●,-,-,○,(选装5英寸),USB+AUX+SD,单碟CD,6-7喇叭,卤素(选装氙气),卤素,-,-,-,-,●,-,"前● / 后●",全车,●,●,●,-,●,-,-,手动●,-
"宝来 2017款 230TSI DSG豪华型",一汽-大众,紧凑型车,2017.03,"1.4T 131马力 L4",7挡双离合,4562*1793*1468,4门5座三厢车,-,-,1.4,涡轮增压,双离合变速箱(DCT),手刹,"主● / 副●","前● / 后-","前● / 后●",●,●,●,●,●,●,●,●,-,-,-,-,"前○ / 后●",○,-,-,-,-,●,●,●,-,●,-,-,-,-,●,●,●,●,●,●,真皮,●,-,-,-,比例放倒,"前● / 后●",●,-,-,○,(选装5英寸),USB+AUX+SD,单碟CD,6-7喇叭,卤素(选装氙气),卤素,○,-,○,●,●,-,"前● / 后●",全车,●,●,●,●,●,-,●,自动●,-
"宝来 2017款 230TSI DSG运动版",一汽-大众,紧凑型车,2017.03,"1.4T 131马力 L4",7挡双离合,4562*1793*1468,4门5座三厢车,-,-,1.4,涡轮增压,双离合变速箱(DCT),手刹,"主● / 副●","前● / 后-","前● / 后●",●,●,●,●,●,●,●,●,-,-,-,-,"前○ / 后●",○,-,-,-,-,●,●,●,-,●,-,-,-,-,●,●,●,-,-,●,真皮,●,-,-,-,比例放倒,"前● / 后●",●,-,-,○,(选装5英寸),USB+AUX+SD,单碟CD,6-7喇叭,卤素(选装氙气),卤素,-,-,-,-,●,-,"前● / 后●",全车,●,●,●,-,●,-,-,手动●,-
"宝来 2017款 230TSI 自动两百万辆纪念版",一汽-大众,紧凑型车,2017.03,"1.4T 131马力 L4",7挡双离合,4562*1793*1468,4门5座三厢车,-,-,1.4,涡轮增压,双离合变速箱(DCT),手刹,"主● / 副●","前● / 后-","前● / 后●",●,●,●,●,●,●,●,●,-,-,-,-,"前○ / 后●",●,-,-,-,-,●,●,●,-,●,-,-,-,-,●,●,●,-,-,●,真皮,●,-,-,-,比例放倒,"前● / 后●",●,-,-,●,6.5英寸,USB+AUX+SD,-,6-7喇叭,卤素(选装氙气),卤素,-,-,-,-,●,-,"前● / 后●",全车,●,●,●,-,●,-,-,手动●,-
"帝豪 2017款 三厢百万款 1.3T CVT向上版",吉利汽车,紧凑型车,2016.10,"1.3T 133马力 L4",CVT无级变速,4631*1789*1470,4门5座三厢车,182,5.9,1.3,涡轮增压,无级变速箱(CVT),电子驻车,"主● / 副●",-,-,●,●,●,●,●,●,●,●,-,-,-,-,"前- / 后●",●,-,-,-,-,-,●,●,-,●,-,-,-,-,●,●,●,●,●,●,仿皮,●,-,-,-,比例放倒,"前● / 后●",●,●,-,●,8英寸,USB,-,6-7喇叭,卤素,卤素,●,-,●,-,-,-,"前● / 后●",-,-,●,●,●,●,-,-,自动●,-
"帝豪 2017款 三厢百万款 1.3T CVT尊贵型",吉利汽车,紧凑型车,2016.10,"1.3T 133马力 L4",CVT无级变速,4631*1789*1470,4门5座三厢车,182,5.9,1.3,涡轮增压,无级变速箱(CVT),电子驻车,"主● / 副●","前● / 后-","前● / 后●",●,●,●,●,●,●,●,●,-,-,-,-,"前- / 后●",●,-,-,-,-,-,●,●,-,●,-,-,-,-,●,●,●,●,●,●,仿皮+真皮,●,"主● / 副-",-,-,比例放倒,"前● / 后●",●,●,●,●,8英寸,USB,-,6-7喇叭,卤素,卤素,●,-,●,-,-,-,"前● / 后●",主驾驶位,●,●,●,●,●,-,-,自动●,-
"帝豪 2017款 三厢百万款 1.5L CVT向上互联版",吉利汽车,紧凑型车,2017.06,"1.5L 109马力 L4",CVT无级变速,4631*1789*1470,4门5座三厢车,170,5.9,1.5,自然吸气,无级变速箱(CVT),电子驻车,"主● / 副●",-,-,●,●,●,●,●,●,●,●,-,-,-,-,"前- / 后●",●,-,-,-,-,-,●,●,-,●,-,-,-,-,●,●,●,●,●,●,仿皮,●,-,-,-,比例放倒,"前● / 后●",●,●,-,●,8英寸,USB,-,6-7喇叭,卤素,卤素,●,-,●,-,-,-,"前● / 后●",-,-,●,●,●,●,-,-,自动●,-
"帝豪 2017款 三厢百万款 1.5L CVT向上版",吉利汽车,紧凑型车,2016.10,"1.5L 109马力 L4",CVT无级变速,4631*1789*1470,4门5座三厢车,170,5.9,1.5,自然吸气,无级变速箱(CVT),电子驻车,"主● / 副●",-,-,●,●,●,●,●,●,●,●,-,-,-,-,"前- / 后●",●,-,-,-,-,-,●,●,-,●,-,-,-,-,●,●,●,●,●,●,仿皮,●,-,-,-,比例放倒,"前● / 后●",●,●,-,●,8英寸,USB,-,6-7喇叭,卤素,卤素,●,-,●,-,-,-,"前● / 后●",-,-,●,●,●,●,-,-,自动●,-
"帝豪 2017款 三厢百万款 1.5L CVT豪华型",吉利汽车,紧凑型车,2016.10,"1.5L 109马力 L4",CVT无级变速,4631*1789*1470,4门5座三厢车,170,5.9,1.5,自然吸气,无级变速箱(CVT),电子驻车,"主● / 副●",-,-,-,●,●,●,●,●,●,●,-,-,-,-,"前- / 后●",●,-,-,-,-,-,●,-,-,●,-,-,-,-,●,●,●,●,●,●,仿皮,●,-,-,-,比例放倒,"前● / 后●",●,●,-,●,8英寸,USB,-,2-3喇叭,卤素,卤素,●,-,●,-,-,-,"前● / 后●",-,-,●,●,-,●,-,-,自动●,-
"帝豪GL 2017款 1.3T 自动尊贵型",吉利汽车,紧凑型车,2016.09,"1.3T 129马力 L4",6挡双离合,4725*1802*1478,4门5座三厢车,185,5.9,1.3,涡轮增压,双离合变速箱(DCT),电子驻车,"主● / 副●","前● / 后-","前● / 后●",●,●,●,●,●,●,●,●,-,-,●,-,"前- / 后●",●,-,-,●,-,-,●,●,-,●,-,-,-,-,●,●,●,●,●,●,真皮,●,"主● / 副-",-,-,比例放倒,"前● / 后●",●,●,-,●,8英寸,USB+AUX,-,6-7喇叭,卤素,卤素,●,-,●,-,●,-,"前● / 后●",全车,●,-,●,●,●,-,-,自动●,-
"帝豪GL 2017款 1.3T 自动旗舰型",吉利汽车,紧凑型车,2016.09,"1.3T 129马力 L4",6挡双离合,4725*1802*1478,4门5座三厢车,185,5.9,1.3,涡轮增压,双离合变速箱(DCT),电子驻车,"主● / 副●","前● / 后-","前● / 后●",●,●,●,●,●,●,●,●,-,-,●,-,"前- / 后●",●,-,-,●,-,●,●,●,-,●,-,-,-,-,●,●,●,●,●,●,真皮,●,"主● / 副-",-,-,比例放倒,"前● / 后●",●,●,●,●,8英寸,USB+AUX,-,6-7喇叭,卤素,卤素,●,-,●,-,●,-,"前● / 后●",全车,●,-,●,●,●,-,-,自动●,-
"帝豪GL 2017款 1.3T 自动精英型",吉利汽车,紧凑型车,2016.09,"1.3T 129马力 L4",6挡双离合,4725*1802*1478,4门5座三厢车,185,5.9,1.3,涡轮增压,双离合变速箱(DCT),电子驻车,"主● / 副●","前● / 后-",-,●,●,●,●,●,●,●,●,-,-,-,-,"前- / 后●",●,-,-,-,-,-,●,●,-,●,-,-,-,-,●,●,●,●,●,●,仿皮,●,-,-,-,比例放倒,"前● / 后●",●,●,-,●,8英寸,USB+AUX,-,6-7喇叭,卤素,卤素,●,-,●,-,●,-,"前● / 后●",全车,●,-,●,-,●,-,-,自动●,-
"帝豪GL 2017款 1.8L 自动精英型",吉利汽车,紧凑型车,2016.09,"1.8L 133马力 L4",6挡双离合,4725*1802*1478,4门5座三厢车,185,6.9,1.8,自然吸气,双离合变速箱(DCT),电子驻车,"主● / 副●","前● / 后-",-,●,●,●,●,●,●,●,●,-,-,-,-,"前- / 后●",●,-,-,-,-,-,●,●,-,●,-,-,-,-,●,●,●,●,●,●,仿皮,●,-,-,-,比例放倒,"前● / 后●",●,●,-,●,8英寸,USB+AUX,-,6-7喇叭,卤素,卤素,●,-,●,-,●,-,"前● / 后●",全车,●,-,●,-,●,-,-,自动●,-
"思域 2016款 180TURBO 自动舒适版",东风本田,紧凑型车,2016.11,"1.0T 125马力 L3",CVT无级变速,4649*1800*1416,4门5座三厢车,200,5,1.0,涡轮增压,无级变速箱(CVT),电子驻车,"主● / 副●",-,-,●,●,●,●,●,●,●,●,-,-,-,-,-,-,-,-,-,-,●,●,●,-,●,-,-,-,-,●,●,●,-,-,-,织物,●,-,-,-,-,"前● / 后-",-,-,-,-,-,USB,-,2-3喇叭,卤素,卤素,●,-,-,-,●,-,"前● / 后●",前排,●,-,●,-,●,-,-,手动●,-
"思域 2016款 220TURBO 自动尊耀版",东风本田,紧凑型车,2016.04,"1.5T 177马力 L4",CVT无级变速,4649*1800*1416,4门5座三厢车,200,5.7,1.5,涡轮增压,无级变速箱(CVT),电子驻车,"主● / 副●","前● / 后-","前● / 后●",●,●,●,●,●,●,●,●,●,●,●,-,"前- / 后●",●,-,-,●,-,●,●,●,-,●,-,-,-,-,●,●,●,●,●,●,真皮,●,"主● / 副-",-,-,比例放倒,"前● / 后●",●,●,●,●,7英寸,USB+HDMI,-,6-7喇叭,LED,LED,●,-,●,-,●,-,"前● / 后●",全车,●,●,●,-,●,-,-,自动●,●
"思域 2016款 220TURBO 自动尊贵版",东风本田,紧凑型车,2016.04,"1.5T 177马力 L4",CVT无级变速,4649*1800*1416,4门5座三厢车,200,5.7,1.5,涡轮增压,无级变速箱(CVT),电子驻车,"主● / 副●","前● / 后-","前● / 后●",●,●,●,●,●,●,●,●,-,-,-,-,"前- / 后●",●,-,-,-,-,●,●,●,-,●,-,-,-,-,●,●,●,●,●,●,真皮,●,"主● / 副-",-,-,比例放倒,"前● / 后●",●,●,●,●,7英寸,USB+HDMI,-,6-7喇叭,LED,LED,●,-,●,-,●,-,"前● / 后●",前排,●,●,●,-,●,-,-,自动●,-
"思域 2016款 220TURBO 自动豪华版",东风本田,紧凑型车,2016.04,"1.5T 177马力 L4",CVT无级变速,4649*1800*1416,4门5座三厢车,200,5.4,1.5,涡轮增压,无级变速箱(CVT),电子驻车,"主● / 副●","前● / 后-","前● / 后●",●,●,●,●,●,●,●,●,-,-,-,-,"前- / 后●",●,-,-,-,-,●,●,●,-,●,-,-,-,-,●,●,●,●,●,-,织物,●,-,-,-,比例放倒,"前● / 后●",●,-,○,●,7英寸,USB+HDMI,-,6-7喇叭,卤素,卤素,●,-,-,-,●,-,"前● / 后●",前排,●,●,●,-,●,-,-,自动●,-
"思铂睿 2017款 2.0L 经典版",东风本田,中型车,2017.01,"2.0L 155马力 L4",CVT无级变速,4840*1850*1465,4门5座三厢车,210,6.8,2.0,自然吸气,无级变速箱(CVT),脚刹,"主● / 副●","前● / 后-","前● / 后●",●,●,●,●,●,●,●,●,-,-,-,-,-,●,-,-,-,-,●,●,●,-,●,-,-,-,-,●,●,●,-,-,●,皮/织物混搭,●,-,-,-,比例放倒,"前● / 后●",●,-,-,●,7英寸,USB+HDMI,单碟CD,6-7喇叭,LED,卤素,-,-,-,-,-,-,"前● / 后●",主驾驶位,●,-,●,-,●,-,-,自动●,●
"悦动 2017款 1.6L 自动悦值版GLS",北京现代,紧凑型车,2017.03,"1.6L 123马力 L4",6挡自动,4510*1765*1470,4门5座三厢车,-,6,1.6,自然吸气,自动变速箱(AT),手刹,"主● / 副●","前○ / 后-",-,●,●,●,●,●,●,●,●,-,-,-,-,"前- / 后●",●,-,-,-,-,○,●,●,-,●,-,-,-,-,●,●,●,-,-,-,织物,●,-,-,-,-,"前● / 后-",-,-,-,●,8英寸,USB+AUX,-,4-5喇叭,卤素,卤素,○,-,●,○,●,-,"前● / 后●",-,-,-,●,-,●,-,-,手动●,-
"悦动 2017款 1.6L 自动悦心版DLX",北京现代,紧凑型车,2017.03,"1.6L 123马力 L4",6挡自动,4510*1765*1470,4门5座三厢车,-,6,1.6,自然吸气,自动变速箱(AT),手刹,"主● / 副●","前● / 后-",-,●,●,●,●,●,●,●,●,-,-,-,-,"前- / 后●",●,-,-,-,-,○,●,●,-,●,-,-,●,-,●,●,●,●,●,●,仿皮,●,-,-,-,-,"前● / 后●",●,-,-,●,8英寸,USB+AUX,-,6-7喇叭,卤素,卤素,●,-,●,●,●,-,"前● / 后●",主驾驶位,●,-,●,●,●,-,-,"手动● / 自动○",●
"悦纳 2016款 1.4L 自动炫酷版GLS",北京现代,小型车,2016.10,"1.4L 100马力 L4",6挡手自一体,4380*1728*1460,4门5座三厢车,181,5.9,1.4,自然吸气,手自一体变速箱(AT),手刹,"主● / 副●",-,-,-,●,●,●,●,○,○,○,-,-,-,-,"前- / 后●",-,-,-,-,-,○,○,-,-,●,-,-,○,-,●,●,●,○,○,-,织物,-,-,-,-,-,"前● / 后-",-,-,-,-,-,USB+AUX,-,2-3喇叭,卤素,卤素,-,-,-,-,●,-,"前● / 后●",-,-,-,●,-,-,-,-,手动●,-
"悦纳 2016款 1.4L 自动精英版TOP",北京现代,小型车,2016.10,"1.4L 100马力 L4",6挡手自一体,4380*1728*1460,4门5座三厢车,181,5.9,1.4,自然吸气,手自一体变速箱(AT),手刹,"主● / 副●","前● / 后-",-,-,●,●,●,●,○,○,○,-,-,-,-,"前- / 后●",○,-,-,-,-,-,○,●,-,●,-,-,●,-,●,●,●,●,●,-,织物,-,-,-,-,-,"前● / 后-",-,-,-,○,(选装7英寸),USB+AUX,-,4-5喇叭,卤素,卤素,-,-,○,-,●,-,"前● / 后●",主驾驶位,●,-,●,●,-,-,-,手动●,-
"悦纳 2016款 1.6L 自动精英版TOP",北京现代,小型车,2016.10,"1.6L 123马力 L4",6挡手自一体,4380*1728*1460,4门5座三厢车,190,6.1,1.6,自然吸气,手自一体变速箱(AT),手刹,"主● / 副●","前● / 后-",-,●,●,●,●,●,●,●,●,-,-,-,-,"前- / 后●",○,-,-,-,-,-,●,●,-,●,-,-,●,-,●,●,●,●,●,●,仿皮,●,-,-,-,-,"前● / 后-",-,-,-,○,(选装7英寸),USB+AUX,-,6-7喇叭,卤素,卤素,○,-,○,○,●,-,"前● / 后●",主驾驶位,●,-,●,●,-,-,-,自动●,-
"捷达 2017款 1.4TSI 自动运动版",一汽-大众,紧凑型车,2016.12,"1.4T 131马力 L4",7挡双离合,4501*1704*1469,4门5座三厢车,200,5.7,1.4,涡轮增压,双离合变速箱(DCT),手刹,"主● / 副●","前● / 后-","前● / 后●",●,●,●,●,●,●,●,●,-,-,-,-,"前- / 后●",-,-,-,-,-,-,●,●,-,●,-,-,-,-,●,●,●,-,-,●,皮/织物混搭,●,-,-,-,-,"前● / 后●",-,-,-,○,(选装6.5英寸),USB+AUX+SD,单碟CD,6-7喇叭,卤素,卤素,-,-,●,●,●,-,"前● / 后●",-,-,-,●,-,●,-,●,自动●,-
"捷达 2017款 1.5L 自动舒适型",一汽-大众,紧凑型车,2016.12,"1.5L 110马力 L4",6挡自动,4501*1704*1469,4门5座三厢车,185,5.7,1.5,自然吸气,自动变速箱(AT),手刹,"主● / 副●","前○ / 后-","前○ / 后○",●,●,●,●,●,●,●,●,-,-,-,-,"前- / 后●",-,-,-,-,-,-,-,●,-,●,-,-,-,-,●,●,●,-,-,○,皮/织物混搭(选装真,●,-,-,-,-,"前● / 后○",-,-,-,-,-,USB+AUX+SD,单碟CD,6-7喇叭,卤素,卤素,-,-,-,-,●,-,"前● / 后●",-,-,-,●,-,●,-,-,手动●,-
"捷达 2017款 1.5L 自动豪华型",一汽-大众,紧凑型车,2016.12,"1.5L 110马力 L4",6挡自动,4501*1704*1469,4门5座三厢车,185,5.7,1.5,自然吸气,自动变速箱(AT),手刹,"主● / 副●","前● / 后-","前● / 后●",●,●,●,●,●,●,●,●,-,-,-,-,"前- / 后●",-,-,-,-,-,-,-,●,-,●,-,-,-,-,●,●,●,-,-,●,真皮,●,-,-,-,-,"前● / 后●",-,-,-,○,(选装6.5英寸),USB+AUX+SD,单碟CD,6-7喇叭,卤素,卤素,-,-,●,●,●,-,"前● / 后●",-,-,-,●,-,●,-,●,自动●,-
"昕锐 2016款 1.6L 自动创行版",上汽斯柯达,紧凑型车,2015.09,"1.6L 110马力 L4",6挡自动,4501*1706*1469,4门5座三厢车,185,6.2,1.6,自然吸气,自动变速箱(AT),手刹,"主● / 副●","前○ / 后-",-,○,●,●,●,●,○,○,○,-,-,-,-,"前- / 后●",-,-,-,-,-,-,-,●,-,●,-,-,-,-,●,●,●,-,-,○,皮/织物混搭,●,-,-,-,-,"前○ / 后-",-,-,-,-,-,USB+AUX+SD,单碟CD,4-5喇叭,卤素,卤素,-,-,-,●,●,-,"前● / 后●",,-,●,●,●,●,-,-,"手动● / 自动○",-
"昕锐 2016款 1.6L 自动尊行版",上汽斯柯达,紧凑型车,2015.09,"1.6L 110马力 L4",6挡自动,4501*1706*1469,4门5座三厢车,185,6.2,1.6,自然吸气,自动变速箱(AT),手刹,"主● / 副●","前● / 后-","前○ / 后○",●,●,●,●,●,●,●,●,-,-,-,-,"前- / 后●",-,-,-,-,-,-,-,●,-,●,-,-,-,-,●,●,●,-,-,●,真皮,●,-,-,-,-,"前● / 后●",-,-,-,-,-,USB+AUX+SD,单碟CD,4-5喇叭,卤素,卤素,-,-,-,●,●,-,"前● / 后●",,-,●,●,●,●,-,-,自动●,-
"朗动 2016款 1.6L 自动尊贵型",北京现代,紧凑型车,2016.05,"1.6L 128马力 L4",6挡手自一体,4570*1775*1445,4门5座三厢车,-,6.2,1.6,自然吸气,手自一体变速箱(AT),手刹,"主● / 副●","前● / 后-",-,○,●,●,●,●,●,●,●,-,-,-,-,"前- / 后●",●,-,-,-,-,○,-,●,-,●,-,-,-,-,●,●,●,●,●,-,织物(选装真皮),●,"主○ / 副-",-,-,-,"前● / 后●",●,-,-,●,8英寸,USB+AUX,-,6-7喇叭,卤素,卤素,●,-,-,-,●,-,"前● / 后●",主驾驶位,●,-,●,●,●,-,-,"手动● / 自动○",-
"朗动 2016款 1.6L 自动智能型",北京现代,紧凑型车,2016.05,"1.6L 128马力 L4",6挡手自一体,4570*1775*1445,4门5座三厢车,-,6.2,1.6,自然吸气,手自一体变速箱(AT),手刹,"主● / 副●",-,-,-,●,●,●,●,○,○,○,-,-,-,-,"前- / 后●",-,-,-,-,-,○,-,○,-,●,-,-,-,-,●,●,●,-,-,-,织物,●,-,-,-,-,"前● / 后-",-,-,-,-,-,USB+AUX,单碟CD,6-7喇叭,卤素,卤素,●,-,-,-,●,-,"前● / 后●",-,-,-,●,-,●,-,-,手动●,-
"朗逸 2013款 改款经典 1.6L 自动舒适版",上汽大众,紧凑型车,2015.08,"1.6L 110马力 L4",6挡手自一体,4605*1765*1460,4门5座三厢车,-,6.9,1.6,自然吸气,手自一体变速箱(AT),手刹,"主● / 副●","前● / 后-","前○ / 后○",●,●,●,●,●,●,●,●,-,-,-,-,"前- / 后●",○,-,-,-,-,-,●,●,-,●,-,-,-,-,●,●,●,-,-,-,真皮,●,-,-,-,比例放倒,"前● / 后●",●,○,-,○,(选装6.5英寸),USB+AUX+SD,单碟CD,8-9喇叭,卤素,卤素,-,-,-,-,●,-,"前● / 后●",全车,●,●,●,-,●,-,-,手动●,-
"朗逸 2017款 1.6L 自动舒适版",上汽大众,紧凑型车,2017.02,"1.6L 110马力 L4",6挡手自一体,4605*1765*1460,4门5座三厢车,183,-,1.6,自然吸气,手自一体变速箱(AT),手刹,"主● / 副●","前● / 后-",-,●,●,●,●,●,●,●,●,-,-,-,-,"前● / 后●",-,-,-,-,-,-,●,●,-,●,-,-,-,-,●,●,●,●,-,●,真皮,●,-,-,-,比例放倒,"前● / 后●",●,-,-,-,-,USB+AUX+SD,单碟CD,6-7喇叭,卤素,卤素,-,-,-,●,●,-,"前● / 后●",全车,●,●,●,-,●,-,-,手动●,-
"朗逸 2017款 1.6L 自动风尚版",上汽大众,紧凑型车,2017.02,"1.6L 110马力 L4",6挡手自一体,4605*1765*1460,4门5座三厢车,183,-,1.6,自然吸气,手自一体变速箱(AT),手刹,"主● / 副●",-,-,●,●,●,●,●,●,●,●,-,-,-,-,"前- / 后●",-,-,-,-,-,-,●,-,-,●,-,-,-,-,●,●,●,-,-,-,织物,●,-,-,-,整体放倒,"前● / 后-",-,-,-,-,-,USB+AUX+SD,单碟CD,6-7喇叭,卤素,卤素,-,-,-,-,-,-,"前● / 后●",全车,●,●,●,-,●,-,-,手动●,-
"朗逸 2017款 180TSI DSG舒适版",上汽大众,紧凑型车,2017.02,"1.2T 110马力 L4",7挡双离合,4605*1765*1460,4门5座三厢车,196,-,1.2,涡轮增压,双离合变速箱(DCT),手刹,"主● / 副●","前● / 后-",-,●,●,●,●,●,●,●,●,-,-,-,-,"前● / 后●",-,-,-,-,-,●,●,●,-,●,-,-,-,-,●,●,●,●,-,●,真皮,●,-,-,-,比例放倒,"前● / 后●",●,-,-,-,-,USB+AUX+SD,单碟CD,6-7喇叭,卤素,卤素,-,-,-,●,●,-,"前● / 后●",全车,●,●,●,-,●,-,-,自动●,-
"朗逸 2017款 230TSI DSG舒适版",上汽大众,紧凑型车,2017.02,"1.4T 131马力 L4",7挡双离合,4605*1765*1460,4门5座三厢车,200,-,1.4,涡轮增压,双离合变速箱(DCT),手刹,"主● / 副●","前● / 后-",-,●,●,●,●,●,●,●,●,-,-,-,-,"前● / 后●",-,-,-,-,-,●,●,●,-,●,-,-,-,-,●,●,●,●,-,●,真皮,●,-,-,-,比例放倒,"前● / 后●",●,-,-,-,-,USB+AUX+SD,单碟CD,6-7喇叭,卤素,卤素,-,-,-,●,●,-,"前● / 后●",全车,●,●,●,-,●,-,-,自动●,-
"朗逸 2017款 230TSI DSG豪华版",上汽大众,紧凑型车,2017.02,"1.4T 131马力 L4",7挡双离合,4605*1765*1460,4门5座三厢车,200,-,1.4,涡轮增压,双离合变速箱(DCT),手刹,"主● / 副●","前● / 后-","前● / 后●",●,●,●,●,●,●,●,●,-,-,-,-,"前● / 后●",-,-,-,-,-,●,●,●,-,●,-,-,-,-,●,●,●,●,●,●,真皮,●,"主● / 副-",-,-,比例放倒,"前● / 后●",●,-,-,●,6.5英寸,USB+AUX+SD,-,6-7喇叭,卤素(选装氙气),卤素(选装氙气),○,-,●,●,●,●,"前● / 后●",全车,●,●,●,●,●,-,●,自动●,-
"朗逸 2017款 280TSI DSG运动版",上汽大众,紧凑型车,2017.02,"1.4T 150马力 L4",7挡双离合,4605*1765*1460,4门5座三厢车,210,-,1.4,涡轮增压,双离合变速箱(DCT),手刹,"主● / 副●","前● / 后-",-,●,●,●,●,●,●,●,●,-,-,-,-,"前● / 后●",-,-,-,-,-,-,●,●,-,●,-,-,-,-,●,●,●,●,-,●,真皮,●,-,-,-,比例放倒,"前● / 后●",●,-,-,-,-,USB+AUX+SD,单碟CD,6-7喇叭,氙气,氙气,●,-,-,●,●,-,"前● / 后●",全车,●,●,●,-,●,-,-,手动●,-
"标致301 2017款 1.6L 自动豪华版",东风标致,紧凑型车,2017.03,"1.6L 117马力 L4",6挡手自一体,4442*1748*1476,4门5座三厢车,188,6.5,1.6,自然吸气,手自一体变速箱(AT),手刹,"主● / 副●","前● / 后-",-,-,●,●,●,●,●,○,○,-,-,-,-,"前- / 后●",-,-,-,-,-,-,-,●,-,●,-,-,-,-,●,●,●,○,○,-,仿皮,●,-,-,-,比例放倒,"前- / 后●",●,-,-,-,-,USB,-,4-5喇叭,卤素,卤素,●,-,-,-,●,-,"前● / 后●",-,-,-,●,-,●,-,-,手动●,-
"标致308 2016款 1.6L 自动时尚版",东风标致,紧凑型车,2016.09,"1.6L 117马力 L4",6挡手自一体,4590*1820*1488,4门5座三厢车,193,5.9,1.6,自然吸气,手自一体变速箱(AT),手刹,"主● / 副●",-,-,-,●,●,●,●,●,●,●,-,-,-,-,-,-,-,-,-,-,●,●,-,-,●,-,-,-,-,●,●,●,-,-,-,织物,●,-,-,-,比例放倒,"前● / 后-",-,-,-,-,-,USB,-,6-7喇叭,卤素,卤素,●,-,-,-,-,-,"前● / 后●",-,-,-,●,-,●,-,-,手动●,-
"标致308 2016款 1.6L 自动豪华版",东风标致,紧凑型车,2016.09,"1.6L 117马力 L4",6挡手自一体,4590*1820*1488,4门5座三厢车,193,5.9,1.6,自然吸气,手自一体变速箱(AT),手刹,"主● / 副●","前● / 后-","前● / 后●",-,●,●,●,●,●,●,●,-,-,-,-,"前- / 后●",-,-,-,-,-,●,●,●,-,●,-,-,-,-,●,●,●,-,-,●,仿皮,●,-,-,-,比例放倒,"前● / 后-",-,-,-,●,9.7英寸,USB,-,6-7喇叭,卤素,卤素,●,-,-,-,●,-,"前● / 后●",全车,●,-,●,-,●,-,-,手动●,-
"标致308 2016款 230THP 自动豪华版",东风标致,紧凑型车,2016.09,"1.2T 136马力 L3",6挡手自一体,4590*1820*1488,4门5座三厢车,205,5.2,1.2,涡轮增压,手自一体变速箱(AT),手刹,"主● / 副●","前● / 后-","前● / 后●",-,●,●,●,●,●,●,●,-,-,-,-,"前- / 后●",-,-,-,-,-,●,●,●,-,●,-,-,-,-,●,●,●,-,-,●,仿皮,●,-,-,-,比例放倒,"前● / 后-",-,○,○,●,9.7英寸,USB,-,6-7喇叭,卤素,卤素,●,-,-,-,●,-,"前● / 后●",全车,●,-,●,-,●,-,-,手动●,-
"标致308 2016款 350THP 自动尊贵版",东风标致,紧凑型车,2016.09,"1.6T 167马力 L4",6挡手自一体,4590*1820*1488,4门5座三厢车,215,6.1,1.6,涡轮增压,手自一体变速箱(AT),电子驻车,"主● / 副●","前● / 后-","前● / 后●",●,●,●,●,●,●,●,●,●,-,-,-,"前● / 后●",●,-,-,-,-,●,●,●,-,●,-,-,-,-,●,●,●,●,●,●,皮/织物混搭,●,"主● / 副-",-,-,比例放倒,"前● / 后●",●,○,○,●,9.7英寸,USB,-,6-7喇叭,LED,LED,●,-,●,-,●,-,"前● / 后●",全车,●,-,●,●,●,-,●,自动●,●
"标致408 2015款 1.2T 自动荣耀版",东风标致,紧凑型车,2015.09,"1.2T 136马力 L3",6挡手自一体,4750*1820*1488,4门5座三厢车,200,5.2,1.2,涡轮增压,手自一体变速箱(AT),电子驻车,"主● / 副●","前● / 后-","前● / 后●",●,●,●,●,●,●,●,●,-,-,-,-,"前● / 后●",-,-,-,-,-,●,●,●,-,●,-,-,-,-,●,●,●,-,-,●,织物,●,-,-,-,比例放倒,"前● / 后●",●,●,-,●,9.7英寸,USB+AUX,单碟DVD,6-7喇叭,LED,LED,●,-,-,●,●,-,"前● / 后●",全车,●,-,●,-,●,-,-,自动●,●
"标致408 2015款 1.2T 自动豪华版",东风标致,紧凑型车,2015.03,"1.2T 136马力 L3",6挡手自一体,4750*1820*1488,4门5座三厢车,200,5.2,1.2,涡轮增压,手自一体变速箱(AT),电子驻车,"主● / 副●","前● / 后-","前● / 后●",●,●,●,●,●,●,●,●,-,-,-,-,"前- / 后●",-,-,-,-,-,●,●,●,-,●,-,-,-,-,●,●,●,-,-,●,织物,●,-,-,-,比例放倒,"前● / 后●",●,-,-,●,9.7英寸,USB+AUX,-,6-7喇叭,卤素,卤素,●,-,-,-,●,-,"前● / 后●",全车,●,-,●,-,●,-,-,自动●,●
"标致408 2016款 1.6T 自动豪华版",东风标致,紧凑型车,2016.04,"1.6T 167马力 L4",6挡手自一体,4750*1820*1488,4门5座三厢车,215,5.9,1.6,涡轮增压,手自一体变速箱(AT),电子驻车,"主● / 副●","前● / 后-","前● / 后●",●,●,●,●,●,●,●,●,-,-,-,-,"前- / 后●",-,-,-,-,-,●,●,●,-,●,-,-,-,-,●,●,●,-,-,●,织物,●,-,-,-,比例放倒,"前● / 后●",●,-,-,●,9.7英寸,USB+AUX,-,6-7喇叭,卤素,卤素,●,-,-,-,●,-,"前● / 后●",全车,●,-,●,-,●,-,-,自动●,●
"桑塔纳 2016款 1.6L 自动舒适版",上汽大众,紧凑型车,2016.09,"1.6L 110马力 L4",6挡自动,4475*1706*1469,4门5座三厢车,185,-,1.6,自然吸气,自动变速箱(AT),手刹,"主● / 副●","前● / 后-","前○ / 后○",-,●,●,●,●,○,○,○,-,-,-,-,"前- / 后●",-,-,-,-,-,-,-,●,-,●,-,-,-,-,●,●,●,-,-,-,皮/织物混搭(选装真,●,-,-,-,-,"前● / 后○",-,-,-,-,-,USB+AUX+SD,单碟CD,6-7喇叭,卤素,卤素,-,-,●,●,●,-,"前● / 后●",-,-,●,●,-,●,-,●,"手动● / 自动○",-
"桑塔纳 2016款 1.6L 自动豪华版",上汽大众,紧凑型车,2016.09,"1.6L 110马力 L4",6挡自动,4475*1706*1469,4门5座三厢车,185,-,1.6,自然吸气,自动变速箱(AT),手刹,"主● / 副●","前● / 后-","前● / 后●",●,●,●,●,●,●,●,●,-,-,-,-,"前- / 后●",-,-,-,-,-,-,-,●,-,●,-,-,-,-,●,●,●,-,-,●,真皮,●,-,-,-,-,"前● / 后●",-,-,-,○,(选装6.5英寸),USB+AUX+SD,单碟CD,6-7喇叭,卤素,卤素,-,-,●,●,●,-,"前● / 后●",-,-,●,●,-,●,-,●,自动●,-
"爱丽舍 2017款 1.6L 自动舒适型",东风雪铁龙,紧凑型车,2017.02,"1.6L 117马力 L4",6挡手自一体,4427*1748*1476,4门5座三厢车,-,6.5,1.6,自然吸气,手自一体变速箱(AT),手刹,"主● / 副●","前○ / 后-",-,-,●,●,●,●,●,○,○,-,-,-,-,"前- / 后●",○,-,-,-,-,-,-,●,-,●,-,-,-,-,●,●,●,-,-,-,皮/织物混搭,●,-,-,-,比例放倒,"前● / 后●",●,-,-,○,-,USB,-,4-5喇叭,卤素,卤素,●,-,-,-,●,-,"前● / 后●",主驾驶位,-,-,●,-,-,-,-,手动●,-
"福克斯 2017款 三厢 1.6L 自动舒适型智行版",长安福特,紧凑型车,2016.08,"1.6L 125马力 L4",6挡双离合,4534*1823*1483,4门5座三厢车,-,6.7,1.6,自然吸气,双离合变速箱(DCT),手刹,"主● / 副●","前● / 后-","前● / 后●",-,●,●,●,●,●,●,●,-,-,-,-,-,●,-,-,-,-,-,●,-,-,●,-,-,-,-,●,●,●,-,-,-,织物,●,-,-,-,比例放倒,"前● / 后-",-,●,-,●,-,USB,单碟CD,4-5喇叭,卤素,卤素,-,-,-,-,●,-,"前● / 后●",主驾驶位,●,-,●,-,●,-,-,手动●,-
"福克斯 2017款 三厢 1.6L 自动风尚型智行版",长安福特,紧凑型车,2016.08,"1.6L 125马力 L4",6挡双离合,4534*1823*1483,4门5座三厢车,-,6.7,1.6,自然吸气,双离合变速箱(DCT),手刹,"主● / 副●","前● / 后-","前● / 后●",-,●,●,●,●,●,●,●,-,-,-,-,"前- / 后●",●,-,-,-,-,-,●,●,-,●,-,-,-,-,●,●,●,-,-,●,皮/织物混搭,●,-,-,-,比例放倒,"前● / 后-",-,●,-,●,-,USB,单碟CD,6-7喇叭,卤素,卤素,-,-,-,-,●,-,"前● / 后●",全车,●,-,●,-,●,-,-,自动●,-
"福克斯 2017款 三厢 EcoBoost 125 自动超能风尚",长安福特,紧凑型车,2016.08,"1.0T 125马力 L3",6挡手自一体,4534*1823*1483,4门5座三厢车,-,5.6,1.0,涡轮增压,手自一体变速箱(AT),手刹,"主● / 副●","前● / 后-","前● / 后●",-,●,●,●,●,●,●,●,-,-,-,-,"前- / 后●",●,-,-,-,-,●,●,●,-,●,-,-,-,-,●,●,●,-,-,●,皮/织物混搭,●,-,-,-,比例放倒,"前● / 后-",-,●,-,●,-,USB,单碟CD,6-7喇叭,卤素,卤素,-,-,-,-,●,-,"前● / 后●",全车,●,-,●,-,●,-,-,自动●,-
"福克斯 2017款 三厢 EcoBoost 180 自动旗舰型",长安福特,紧凑型车,2016.08,"1.5T 181马力 L4",6挡手自一体,4534*1823*1483,4门5座三厢车,-,6.3,1.5,涡轮增压,手自一体变速箱(AT),手刹,"主● / 副●","前● / 后-","前● / 后●",○,●,●,●,●,●,●,●,●,○,●,-,"前● / 后●",●,-,-,-,●,●,●,●,-,●,-,-,-,-,●,●,●,●,●,●,仿皮,●,"主● / 副-",-,-,比例放倒,"前● / 后●",●,●,●,●,8英寸,USB,单碟CD,8-9喇叭,卤素(选装氙气),卤素(选装氙气),●,○,●,○,●,-,"前● / 后●",全车,●,-,●,●,●,-,●,自动●,-
"福克斯 2017款 三厢 EcoBoost 180 自动精英型",长安福特,紧凑型车,2016.08,"1.5T 181马力 L4",6挡手自一体,4534*1823*1483,4门5座三厢车,-,6.3,1.5,涡轮增压,手自一体变速箱(AT),手刹,"主● / 副●","前● / 后-","前● / 后●",-,●,●,●,●,●,●,●,-,-,-,-,"前- / 后●",-,-,-,-,-,●,●,●,-,●,-,-,-,-,●,●,●,-,-,●,皮/织物混搭,●,-,-,-,比例放倒,"前● / 后-",-,-,●,●,8英寸,USB,单碟CD,6-7喇叭,卤素,卤素,-,-,-,-,●,-,"前● / 后●",全车,●,-,●,-,●,-,-,自动●,-
"福睿斯 2017款 幸福版 1.5L 自动时尚型",长安福特,紧凑型车,2017.03,"1.5L 113马力 L4",6挡手自一体,4587*1825*1490,4门5座三厢车,179,6.8,1.5,自然吸气,手自一体变速箱(AT),手刹,"主● / 副●","前● / 后-","前● / 后●",-,●,●,●,●,●,●,●,-,-,-,-,"前- / 后●",●,-,-,-,-,-,●,●,-,●,-,-,-,-,●,●,●,-,-,●,仿皮,●,-,-,-,整体放倒,"前● / 后●",●,●,-,●,8英寸,USB+AUX,-,6-7喇叭,卤素,卤素,-,-,-,-,●,-,"前● / 后●",主驾驶位,●,-,●,-,●,-,-,自动●,-
"科沃兹 2016款 1.5L 自动欣尚版",上汽通用雪佛兰,紧凑型车,2016.09,"1.5L 113马力 L4",6挡手自一体,4544*1779*1467,4门5座三厢车,180,5.8,1.5,自然吸气,手自一体变速箱(AT),手刹,"主● / 副●","前● / 后-",-,●,●,●,●,●,●,●,●,-,-,-,-,"前- / 后●",●,-,-,-,-,●,●,●,-,●,-,-,-,-,●,●,●,-,-,-,真皮,●,-,-,-,-,"前● / 后-",-,○,-,●,7英寸,USB+AUX+SD,-,6-7喇叭,卤素,卤素,●,-,-,-,-,-,"前● / 后●",-,-,-,●,-,●,-,-,手动●,-
"科沃兹 2016款 1.5L 自动欣悦版",上汽通用雪佛兰,紧凑型车,2016.09,"1.5L 113马力 L4",6挡手自一体,4544*1779*1467,4门5座三厢车,180,5.8,1.5,自然吸气,手自一体变速箱(AT),手刹,"主● / 副●",-,-,●,●,●,●,●,●,●,●,-,-,-,-,"前- / 后●",○,-,-,-,-,●,●,●,-,●,-,-,-,-,●,●,●,-,-,-,皮/织物混搭,-,-,-,-,-,"前● / 后-",-,-,-,●,7英寸,USB,-,6-7喇叭,卤素,卤素,●,-,-,-,-,-,"前● / 后●",-,-,-,●,-,●,-,-,手动●,-
"科鲁兹 2017款 1.4T 创:战纪定制版",上汽通用雪佛兰,紧凑型车,2017.06,"1.4T 150马力 L4",7挡双离合,4666*1807*1460,4门5座三厢车,200,5.7,1.4,涡轮增压,双离合变速箱(DCT),电子驻车,"主● / 副●","前● / 后-","前● / 后●",●,●,●,●,●,●,●,●,●,-,-,-,"前● / 后●",●,-,-,-,●,●,●,●,-,●,-,-,-,-,●,●,●,●,●,●,真皮,●,"主● / 副-",-,-,比例放倒,"前● / 后●",●,-,●,●,7英寸,USB+AUX+SD,-,6-7喇叭,卤素,卤素,●,-,●,-,●,-,"前● / 后●",主驾驶位,●,-,●,-,●,-,-,自动●,-
"科鲁兹 2017款 1.4T 双离合先锋天窗版",上汽通用雪佛兰,紧凑型车,2016.07,"1.4T 150马力 L4",7挡双离合,4666*1807*1460,4门5座三厢车,200,5.7,1.4,涡轮增压,双离合变速箱(DCT),电子驻车,"主● / 副●","前● / 后-",-,●,●,●,●,●,●,●,●,-,-,-,-,-,-,-,-,-,-,●,●,●,-,●,-,-,-,-,●,●,●,-,-,-,织物,●,-,-,-,整体放倒,"前● / 后-",-,-,-,●,7英寸,USB+AUX+SD,-,6-7喇叭,卤素,卤素,-,-,-,-,-,-,"前● / 后●",主驾驶位,●,-,●,-,●,-,-,手动●,-
"科鲁兹 2017款 1.4T 双离合炫锋版",上汽通用雪佛兰,紧凑型车,2016.07,"1.4T 150马力 L4",7挡双离合,4666*1807*1460,4门5座三厢车,200,5.7,1.4,涡轮增压,双离合变速箱(DCT),电子驻车,"主● / 副●","前● / 后-","前● / 后●",●,●,●,●,●,●,●,●,-,-,-,-,"前- / 后●",●,-,-,-,-,●,●,●,-,●,-,-,-,-,●,●,●,-,-,●,真皮,●,-,-,-,比例放倒,"前● / 后●",●,-,●,●,7英寸,USB+AUX+SD,-,6-7喇叭,卤素,卤素,-,-,-,-,●,-,"前● / 后●",主驾驶位,●,-,●,-,●,-,-,手动●,-
"科鲁兹 2017款 1.4T 双离合领锋版",上汽通用雪佛兰,紧凑型车,2016.07,"1.4T 150马力 L4",7挡双离合,4666*1807*1460,4门5座三厢车,200,5.7,1.4,涡轮增压,双离合变速箱(DCT),电子驻车,"主● / 副●","前● / 后-","前● / 后●",●,●,●,●,●,●,●,●,●,-,-,-,"前● / 后●",●,-,-,-,●,●,●,●,-,●,-,-,-,-,●,●,●,●,●,●,真皮,●,"主● / 副-",-,-,比例放倒,"前● / 后●",●,-,●,●,7英寸,USB+AUX+SD,-,6-7喇叭,卤素,卤素,●,-,●,-,●,-,"前● / 后●",主驾驶位,●,-,●,-,●,-,-,自动●,-
"科鲁兹 2017款 1.5L 自动先锋天窗版",上汽通用雪佛兰,紧凑型车,2016.07,"1.5L 114马力 L4",6挡手自一体,4666*1807*1460,4门5座三厢车,180,6.3,1.5,自然吸气,手自一体变速箱(AT),电子驻车,"主● / 副●","前● / 后-",-,●,●,●,●,●,●,●,●,-,-,-,-,-,-,-,-,-,-,●,●,●,-,●,-,-,-,-,●,●,●,-,-,-,织物,●,-,-,-,整体放倒,"前● / 后-",-,-,-,●,7英寸,USB+AUX+SD,-,6-7喇叭,卤素,卤素,-,-,-,-,-,-,"前● / 后●",主驾驶位,●,-,●,-,●,-,-,手动●,-
"科鲁兹 2017款 1.5L 自动炫锋版",上汽通用雪佛兰,紧凑型车,2016.07,"1.5L 114马力 L4",6挡手自一体,4666*1807*1460,4门5座三厢车,180,6.3,1.5,自然吸气,手自一体变速箱(AT),电子驻车,"主● / 副●","前● / 后-","前● / 后●",●,●,●,●,●,●,●,●,-,-,-,-,"前- / 后●",-,-,-,-,-,●,●,●,-,●,-,-,-,-,●,●,●,-,-,-,皮/织物混搭,●,-,-,-,比例放倒,"前● / 后●",●,-,-,●,7英寸,USB+AUX+SD,-,6-7喇叭,卤素,卤素,-,-,-,-,●,-,"前● / 后●",主驾驶位,●,-,●,-,●,-,-,手动●,-
"索纳塔九 2017款 1.6T GS时尚型",北京现代,中型车,2016.10,"1.6T 180马力 L4",7挡双离合,4855*1865*1485,4门5座三厢车,210,6.7,1.6,涡轮增压,双离合变速箱(DCT),脚刹,"主● / 副●","前● / 后-",-,-,●,●,●,●,●,●,●,-,-,-,-,"前- / 后●",-,-,-,-,-,-,●,●,-,●,-,-,-,-,●,●,●,-,-,●,皮/织物混搭,●,-,-,-,-,"前● / 后●",●,-,-,-,-,USB+AUX,单碟CD,6-7喇叭,卤素,卤素,●,-,-,-,-,-,"前● / 后●",主驾驶位,●,-,●,●,●,-,-,自动●,●
"索纳塔九 2017款 2.0L GLS智能型",北京现代,中型车,2016.10,"2.0L 160马力 L4",6挡手自一体,4855*1865*1485,4门5座三厢车,197,7.6,2.0,自然吸气,手自一体变速箱(AT),脚刹,"主● / 副●","前● / 后-",-,-,●,●,●,●,●,●,●,-,-,-,-,"前- / 后●",-,-,-,-,-,-,●,●,-,●,-,-,-,-,●,●,●,○,○,●,皮/织物混搭(选装真,●,"主○ / 副-",-,-,-,"前● / 后●",●,-,-,-,-,USB+AUX,单碟CD,6-7喇叭,卤素,卤素,-,-,-,-,●,-,"前● / 后●",主驾驶位,●,-,●,●,●,-,-,自动●,●
"艾瑞泽5 2016款 1.5L CVT领尊版",奇瑞汽车,紧凑型车,2016.03,"1.5L 116马力 L4",CVT无级变速(模拟7挡),4572*1825*1482,4门5座三厢车,180,5.9,1.5,自然吸气,无级变速箱(CVT),电子驻车,"主● / 副●","前● / 后-","前● / 后●",-,●,●,●,●,●,●,●,-,-,-,-,"前- / 后●",●,-,-,-,-,-,●,●,-,●,-,-,-,-,●,●,●,●,●,●,仿皮,●,"主● / 副-",-,-,整体放倒,"前● / 后●",●,●,●,●,-,USB+SD卡插槽,-,6-7喇叭,氙气,卤素,●,-,-,-,-,-,"前● / 后●",,●,-,●,-,●,-,-,手动●,-
"艾瑞泽5 2016款 1.5L CVT领臻版",奇瑞汽车,紧凑型车,2016.03,"1.5L 116马力 L4",CVT无级变速(模拟7挡),4572*1825*1482,4门5座三厢车,180,5.9,1.5,自然吸气,无级变速箱(CVT),手刹,"主● / 副●","前● / 后-","前● / 后●",-,●,●,●,●,●,●,●,-,-,-,-,"前- / 后●",●,-,-,-,-,-,●,●,-,●,-,-,-,-,●,●,●,●,●,●,仿皮,●,-,-,-,整体放倒,"前● / 后●",●,●,●,●,-,USB+SD卡插槽,-,6-7喇叭,卤素,卤素,●,-,-,-,-,-,"前● / 后●",,●,-,●,-,●,-,-,手动●,-
"艾瑞泽5 2016款 1.5L CVT领跑版",奇瑞汽车,紧凑型车,2016.10,"1.5L 116马力 L4",CVT无级变速(模拟7挡),4572*1825*1482,4门5座三厢车,180,5.9,1.5,自然吸气,无级变速箱(CVT),手刹,"主● / 副●",-,-,●,●,●,●,●,●,●,●,-,-,-,-,"前- / 后●",●,-,-,-,-,-,●,●,-,●,-,-,-,-,●,●,●,-,-,●,仿皮,●,-,-,-,整体放倒,"前● / 后-",-,●,●,●,-,USB+SD卡插槽,-,4-5喇叭,卤素,卤素,●,-,-,-,-,-,"前● / 后●",,●,-,●,-,●,-,-,手动●,-
"艾瑞泽5 2017款 1.5L CVT尊贵版",奇瑞汽车,紧凑型车,2017.03,"1.5L 116马力 L4",CVT无级变速(模拟7挡),4572*1825*1482,4门5座三厢车,180,5.9,1.5,自然吸气,无级变速箱(CVT),手刹,"主● / 副●",-,-,●,●,●,●,●,●,●,●,-,-,-,-,"前- / 后●",●,-,-,-,-,-,●,●,-,●,-,-,-,-,●,●,●,●,●,●,仿皮,●,-,-,-,整体放倒,"前● / 后-",-,●,-,●,8英寸,USB+SD卡插槽,-,4-5喇叭,卤素,卤素,●,-,●,-,-,-,"前● / 后●",全车,●,-,●,-,●,-,-,手动●,-
"艾瑞泽5 2017款 SPORT 1.5T CVT尊贵版",奇瑞汽车,紧凑型车,2017.03,"1.5T 147马力 L4",CVT无级变速(模拟7挡),4572*1825*1482,4门5座三厢车,190,6.3,1.5,涡轮增压,无级变速箱(CVT),手刹,"主● / 副●","前● / 后-","前● / 后●",●,●,●,●,●,●,●,●,-,-,-,-,"前- / 后●",●,-,-,-,-,-,●,●,-,●,-,-,-,-,●,●,●,●,●,●,仿皮,●,-,-,-,整体放倒,"前● / 后●",●,●,-,●,8英寸,USB+SD卡插槽,-,6-7喇叭,卤素,卤素,●,-,●,-,-,-,"前● / 后●",全车,●,-,●,-,●,-,-,手动●,-
"艾瑞泽5 2017款 SPORT 1.5T CVT豪华版",奇瑞汽车,紧凑型车,2017.03,"1.5T 147马力 L4",CVT无级变速(模拟7挡),4572*1825*1482,4门5座三厢车,190,6.3,1.5,涡轮增压,无级变速箱(CVT),手刹,"主● / 副●",-,-,-,●,●,●,●,●,●,●,-,-,-,-,"前- / 后●",●,-,-,-,-,-,●,●,-,●,-,-,-,-,●,●,●,-,-,●,仿皮,●,-,-,-,整体放倒,"前● / 后-",-,●,-,●,8英寸,USB+SD卡插槽,-,4-5喇叭,卤素,卤素,●,-,●,-,-,-,"前● / 后●",主驾驶位,-,-,●,-,●,-,-,手动●,-
"艾瑞泽7 2016款 1.6L CVT致享版",奇瑞汽车,紧凑型车,2016.07,"1.6L 126马力 L4",CVT无级变速(模拟7挡),4652*1825*1483,4门5座三厢车,180,6.7,1.6,自然吸气,无级变速箱(CVT),手刹,"主● / 副●","前● / 后-","前● / 后●",●,●,●,●,●,●,●,●,-,-,-,-,"前- / 后●",●,-,-,-,-,-,●,●,-,●,-,-,-,-,●,●,●,●,●,●,仿皮,●,"主● / 副-",-,-,比例放倒,"前● / 后●",●,●,-,●,7英寸,USB+SD卡插槽,-,6-7喇叭,卤素,卤素,●,-,-,-,-,-,"前● / 后●",全车,●,-,●,-,●,-,-,自动●,-
"艾瑞泽7 2016款 1.6L CVT致尚版",奇瑞汽车,紧凑型车,2016.07,"1.6L 126马力 L4",CVT无级变速(模拟7挡),4652*1825*1483,4门5座三厢车,180,6.7,1.6,自然吸气,无级变速箱(CVT),手刹,"主● / 副●",-,-,●,●,●,●,●,●,●,●,-,-,-,-,"前- / 后●",●,-,-,-,-,-,●,●,-,●,-,-,-,-,●,●,●,●,●,●,仿皮,●,-,-,-,比例放倒,"前● / 后●",●,-,-,●,7英寸,USB+SD卡插槽,-,4-5喇叭,卤素,卤素,●,-,-,-,-,-,"前● / 后●",全车,●,-,●,-,●,-,-,手动●,-
"艾瑞泽7 2016款 1.6L CVT致领版",奇瑞汽车,紧凑型车,2016.07,"1.6L 126马力 L4",CVT无级变速(模拟7挡),4652*1825*1483,4门5座三厢车,180,6.7,1.6,自然吸气,无级变速箱(CVT),手刹,"主● / 副●",-,-,●,●,●,●,●,●,●,●,-,-,-,-,"前- / 后●",-,-,-,-,-,-,●,-,-,●,-,-,-,-,●,●,●,-,-,●,织物,-,-,-,-,比例放倒,"前● / 后-",-,-,-,-,-,USB,-,4-5喇叭,卤素,卤素,●,-,-,-,-,-,"前● / 后●",-,-,-,●,-,●,-,-,手动●,-
"艾瑞泽7 2017款 1.5T CVT致享版",奇瑞汽车,紧凑型车,"1.5T 147马力",CVT无级变速(模拟7挡),4652*1825*1483,4门5座三厢车,200,-,-,1.5,涡轮增压,无级变速箱(CVT),手刹,"主● / 副●","前● / 后-","前● / 后●",●,●,●,●,●,●,●,●,-,-,-,-,"前- / 后●",●,-,-,-,-,-,●,●,-,●,-,-,-,-,●,●,●,●,●,●,仿皮,●,"主● / 副-",-,-,比例放倒,"前● / 后●",●,●,-,●,7英寸,USB+SD卡插槽,-,6-7喇叭,卤素,卤素,●,-,-,-,-,-,"前● / 后●",全车,●,-,●,-,●,-,-,自动●,-
"艾瑞泽7 2017款 1.5T CVT致尚版",奇瑞汽车,紧凑型车,"1.5T 147马力",CVT无级变速(模拟7挡),4652*1825*1483,4门5座三厢车,200,-,-,1.5,涡轮增压,无级变速箱(CVT),手刹,"主● / 副●",-,-,●,●,●,●,●,●,●,●,-,-,-,-,"前- / 后●",●,-,-,-,-,-,●,●,-,●,-,-,-,-,●,●,●,●,●,●,仿皮,●,-,-,-,比例放倒,"前● / 后●",●,-,-,●,7英寸,USB+SD卡插槽,-,4-5喇叭,卤素,卤素,●,-,-,-,-,-,"前● / 后●",全车,●,-,●,-,●,-,-,手动●,-
"艾瑞泽7e 2016款 1.6L e致尚版",奇瑞汽车,紧凑型车,2016.07,"1.6L 126马力 L4",CVT无级变速(模拟7挡),4652*1825*1483,4门5座三厢车,180,-,1.6,自然吸气,-,多连杆独立悬架,"主● / 副●",-,-,●,●,●,●,●,●,●,●,-,-,-,-,"前- / 后●",●,-,-,-,-,-,●,-,-,●,-,-,-,-,●,●,●,●,●,●,织物,●,-,-,-,比例放倒,"前● / 后-",-,-,-,●,7英寸,USB+SD卡插槽,-,4-5喇叭,卤素,卤素,●,-,-,-,-,●,"前● / 后●",-,-,-,●,-,●,-,-,自动●,-
"英朗 2017款 15N 自动精英型",上汽通用别克,紧凑型车,2016.12,"1.5L 114马力 L4",6挡手自一体,4587*1798*1463,4门5座三厢车,180,5.9,1.5,自然吸气,手自一体变速箱(AT),手刹,"主● / 副●","前● / 后-",-,●,●,●,●,●,●,●,●,-,-,-,-,"前- / 后●",-,-,-,-,-,●,●,●,-,●,-,-,-,-,●,●,●,-,-,-,皮/织物混搭,●,-,-,-,比例放倒,"前● / 后-",-,-,-,-,-,USB,-,6-7喇叭,卤素,卤素,●,-,-,-,-,-,"前● / 后●",主驾驶位,●,-,●,-,●,-,-,手动●,●
"英朗 2017款 15N 自动豪华型",上汽通用别克,紧凑型车,2016.12,"1.5L 114马力 L4",6挡手自一体,4587*1798*1463,4门5座三厢车,180,5.9,1.5,自然吸气,手自一体变速箱(AT),手刹,"主● / 副●","前● / 后-",-,●,●,●,●,●,●,●,●,-,-,-,-,"前- / 后●",-,-,-,-,-,●,●,●,-,●,-,-,-,-,●,●,●,●,-,-,真皮,●,-,-,-,比例放倒,"前● / 后-",-,○,-,●,7英寸,USB+SD卡插槽,-,6-7喇叭,氙气,氙气,●,-,-,-,-,-,"前● / 后●",主驾驶位,●,-,●,-,●,-,-,自动●,●
"英朗 2017款 15N 自动进取型",上汽通用别克,紧凑型车,2016.12,"1.5L 114马力 L4",6挡手自一体,4587*1798*1463,4门5座三厢车,180,5.9,1.5,自然吸气,手自一体变速箱(AT),手刹,"主● / 副●",-,-,●,●,●,●,●,●,●,●,-,-,-,-,-,-,-,-,-,-,●,●,-,-,●,-,-,-,-,●,●,●,-,-,-,织物,●,-,-,-,-,"前● / 后-",-,-,-,-,-,USB,-,6-7喇叭,卤素,卤素,●,-,-,-,-,-,"前● / 后●",-,-,-,●,-,●,-,-,手动●,●
"英朗 2017款 18T 双离合精英型",上汽通用别克,紧凑型车,2016.12,"1.4T 144马力 L4",7挡双离合,4587*1798*1463,4门5座三厢车,190,5.9,1.4,涡轮增压,双离合变速箱(DCT),手刹,"主● / 副●","前● / 后-",-,●,●,●,●,●,●,●,●,-,-,-,-,"前- / 后●",-,-,-,-,-,●,●,●,-,●,-,-,-,-,●,●,●,-,-,-,皮/织物混搭,●,-,-,-,比例放倒,"前● / 后-",-,-,-,-,-,USB,-,6-7喇叭,氙气,氙气,●,-,-,-,-,-,"前● / 后●",主驾驶位,●,-,●,-,●,-,-,手动●,●
"英朗 2017款 18T 双离合豪华型",上汽通用别克,紧凑型车,2016.12,"1.4T 144马力 L4",7挡双离合,4587*1798*1463,4门5座三厢车,190,5.9,1.4,涡轮增压,双离合变速箱(DCT),手刹,"主● / 副●","前● / 后-",-,●,●,●,●,●,●,●,●,-,-,-,-,"前- / 后●",-,-,-,-,-,●,●,●,-,●,-,-,-,-,●,●,●,●,-,-,真皮,●,"主● / 副-",-,-,比例放倒,"前● / 后-",-,○,●,●,7英寸,USB+SD卡插槽,-,6-7喇叭,氙气,氙气,●,-,-,-,-,-,"前● / 后●",主驾驶位,●,-,●,-,●,-,-,自动●,●
"荣威350 2014款 1.5T 自动劲尚版",上汽集团,紧凑型车,2015.07,"1.5T 129马力 L4",6挡手自一体,4521*1788*1492,4门5座三厢车,-,7.8,1.5,涡轮增压,手自一体变速箱(AT),手刹,"主● / 副●","前● / 后-","前● / 后●",●,●,●,●,●,●,●,●,-,-,-,-,"前- / 后●",●,-,-,-,-,-,-,●,-,●,-,-,-,-,●,●,●,-,-,●,真皮,●,-,-,-,比例放倒,"前● / 后●",●,●,●,●,-,USB+AUX,-,4-5喇叭,卤素,卤素,-,-,-,-,●,-,"前● / 后●",-,-,-,●,-,●,-,-,自动●,-
"荣威350 2014款 1.5T 自动劲逸版",上汽集团,紧凑型车,2015.07,"1.5T 129马力 L4",6挡手自一体,4521*1788*1492,4门5座三厢车,-,7.8,1.5,涡轮增压,手自一体变速箱(AT),手刹,"主● / 副●","前● / 后-",-,●,●,●,●,●,●,●,●,-,-,-,-,"前- / 后●",○,-,-,-,-,-,-,●,-,●,-,-,-,-,●,●,●,-,-,-,皮/织物混搭,●,-,-,-,比例放倒,"前● / 后●",●,○,○,○,-,USB+AUX,单碟CD,4-5喇叭,卤素,卤素,-,-,-,-,●,-,"前● / 后●",-,-,-,●,-,●,-,-,手动●,-
"荣威360 2017款 1.5L 自动智屏版",上汽集团,紧凑型车,2017.03,"1.5L 109马力 L4",4挡手自一体,4579*1804*1490,4门5座三厢车,-,-,1.5,自然吸气,手自一体变速箱(AT),手刹,"主● / 副●",-,-,●,●,●,●,●,●,○,○,-,-,-,-,"前- / 后●",●,-,-,-,-,○,○,-,-,●,-,-,-,-,●,●,●,-,-,-,织物,-,-,-,-,整体放倒,"前● / 后-",-,-,-,●,8英寸,USB+AUX,-,4-5喇叭,卤素,卤素,-,-,-,-,-,-,"前● / 后●",-,-,-,●,-,●,-,-,手动●,-
"荣威360 2017款 1.5L 自动精英版",上汽集团,紧凑型车,2017.03,"1.5L 109马力 L4",4挡手自一体,4579*1804*1490,4门5座三厢车,-,-,1.5,自然吸气,手自一体变速箱(AT),手刹,"主● / 副●",-,-,●,●,●,●,●,●,○,○,-,-,-,-,"前- / 后●",-,-,-,-,-,○,○,-,-,●,-,-,-,-,●,●,●,-,-,-,织物,-,-,-,-,整体放倒,"前● / 后-",-,-,-,-,-,USB+AUX,-,4-5喇叭,卤素,卤素,-,-,-,-,-,-,"前● / 后●",-,-,-,●,-,●,-,-,手动●,-
"荣威360 2017款 1.5L 自动豪华版",上汽集团,紧凑型车,2017.03,"1.5L 109马力 L4",4挡手自一体,4579*1804*1490,4门5座三厢车,-,-,1.5,自然吸气,手自一体变速箱(AT),手刹,"主● / 副●",-,-,●,●,●,●,●,●,●,●,-,-,-,-,"前- / 后●",●,-,-,-,-,○,●,●,-,●,-,-,-,-,●,●,●,●,-,-,仿皮,●,-,-,-,整体放倒,"前● / 后-",-,-,-,●,8英寸,USB+AUX,-,4-5喇叭,卤素,卤素,●,-,●,-,-,-,"前● / 后●",主驾驶位,●,-,●,-,●,-,-,手动●,-
"荣威360 2017款 20T TST尊享版",上汽集团,紧凑型车,2017.03,"1.4T 156马力 L4",7挡双离合,4579*1804*1490,4门5座三厢车,-,-,1.4,涡轮增压,双离合变速箱(DCT),手刹,"主● / 副●",-,-,●,●,●,●,●,●,●,●,-,-,-,-,"前- / 后●",●,-,-,-,-,○,●,●,-,●,-,-,-,-,●,●,●,●,-,-,仿皮,●,-,-,-,整体放倒,"前● / 后-",-,-,-,●,8英寸,USB+AUX,-,6-7喇叭,卤素,卤素,●,-,●,-,-,-,"前● / 后●",主驾驶位,●,-,●,-,●,-,-,手动●,-
"荣威360 2017款 20T TST旗舰版",上汽集团,紧凑型车,2017.03,"1.4T 156马力 L4",7挡双离合,4579*1804*1490,4门5座三厢车,-,-,1.4,涡轮增压,双离合变速箱(DCT),手刹,"主● / 副●","前● / 后-","前● / 后●",●,●,●,●,●,●,●,●,-,-,-,-,"前- / 后●",●,-,-,-,-,●,●,●,-,●,-,-,-,-,●,●,●,●,-,-,仿皮,●,"主● / 副-",-,-,比例放倒,"前● / 后●",●,●,●,●,8英寸,USB+AUX,-,6-7喇叭,卤素,卤素,●,-,●,-,-,-,"前● / 后●",主驾驶位,●,-,●,-,●,-,-,自动●,-
"荣威950 2015款 1.8T 精英版",上汽集团,中型车,2015.07,"1.8T 185马力 L4",6挡双离合,4996*1857*1502,4门5座三厢车,210,7.6,1.8,涡轮增压,双离合变速箱(DCT),电子驻车,"主● / 副●","前● / 后-",-,-,●,●,●,●,●,●,●,-,-,-,-,"前- / 后●",-,-,-,-,-,●,-,●,-,●,-,-,-,-,●,●,●,-,-,●,真皮,●,"主● / 副-",-,-,比例放倒,"前● / 后●",●,-,-,-,-,USB,单碟CD,6-7喇叭,卤素,卤素,-,-,●,-,●,-,"前● / 后●",-,●,●,●,-,●,-,-,自动●,●
"荣威950 2017款 30T 互联网旗舰版",上汽集团,中型车,2017.05,"2.0T 220马力 L4",6挡双离合,4996*1857*1507,4门5座三厢车,230,8.1,2.0,涡轮增压,双离合变速箱(DCT),电子驻车,"主● / 副●","前● / 后-",-,-,●,●,●,●,●,●,●,-,-,-,-,"前- / 后●",●,-,-,-,-,●,-,●,-,●,-,-,-,-,●,●,●,●,●,●,仿皮,-,"主● / 副-",-,-,比例放倒,"前● / 后●",●,●,-,●,8英寸,USB,-,6-7喇叭,LED,LED,●,-,●,●,●,-,"前● / 后●",全车,●,-,●,-,●,-,-,自动●,●
"荣威950 2017款 30T 互联网行政版",上汽集团,中型车,2017.05,"2.0T 220马力 L4",6挡双离合,4996*1857*1507,4门5座三厢车,230,8.1,2.0,涡轮增压,双离合变速箱(DCT),电子驻车,"主● / 副●","前● / 后-","前● / 后●",●,●,●,●,●,●,●,●,-,-,-,-,"前- / 后●",●,●,●,-,-,●,-,●,-,●,-,-,-,-,●,●,●,●,●,●,真皮,-,"主● / 副●",-,-,比例放倒,"前● / 后●",●,●,-,●,8英寸,USB,-,6-7喇叭,LED,LED,●,-,●,●,●,-,"前● / 后●",全车,●,-,●,-,●,-,-,自动●,●
"荣威i6 2017款 16T 自动互联智享版",上汽集团,紧凑型车,2017.02,"1.0T 125马力 L3",7挡双离合,4671*1835*1460,4门5座三厢车,191,4.9,1.0,涡轮增压,双离合变速箱(DCT),电子驻车,"主● / 副●","前● / 后-",-,●,●,●,●,●,●,●,●,-,-,-,-,"前- / 后●",●,-,-,-,-,●,-,●,-,●,-,-,-,-,●,●,●,●,-,●,仿皮,●,"主● / 副-",-,-,整体放倒,"前● / 后●",●,●,●,●,10.4英寸,USB,-,6-7喇叭,卤素,卤素,●,-,-,-,-,-,"前● / 后●",主驾驶位,●,-,●,-,●,-,-,手动●,●
"荣威i6 2017款 16T 自动旗舰版",上汽集团,紧凑型车,2017.04,"1.0T 125马力 L3",7挡双离合,4671*1835*1460,4门5座三厢车,191,4.9,1.0,涡轮增压,双离合变速箱(DCT),电子驻车,"主● / 副●","前● / 后-",-,●,●,●,●,●,●,●,●,-,-,-,-,"前- / 后●",●,-,-,-,-,●,-,●,-,●,-,-,-,-,●,●,●,●,-,●,仿皮,●,"主● / 副-",-,-,整体放倒,"前● / 后●",●,-,-,●,8英寸,USB,-,6-7喇叭,卤素,卤素,●,-,-,-,-,-,"前● / 后●",主驾驶位,●,-,●,-,●,-,-,手动●,-
"荣威i6 2017款 20T 自动互联网智享版",上汽集团,紧凑型车,2017.02,"1.5T 169马力 L4",7挡双离合,4671*1835*1460,4门5座三厢车,210,5.9,1.5,涡轮增压,双离合变速箱(DCT),电子驻车,"主● / 副●","前● / 后-",-,●,●,●,●,●,●,●,●,-,-,-,-,"前- / 后●",●,-,-,-,-,-,●,●,-,●,-,-,-,-,●,●,●,●,●,●,仿皮,●,"主● / 副-",-,-,整体放倒,"前● / 后●",●,●,●,●,10.4英寸,USB,-,6-7喇叭,卤素(选装LED),卤素(选装LED),●,-,○,-,-,-,"前● / 后●",主驾驶位,●,-,●,-,●,-,○,自动●,●
"荣威i6 2017款 20T 自动互联网智尊版",上汽集团,紧凑型车,2017.02,"1.5T 169马力 L4",7挡双离合,4671*1835*1460,4门5座三厢车,210,5.9,1.5,涡轮增压,双离合变速箱(DCT),电子驻车,"主● / 副●","前● / 后-","前● / 后●",●,●,●,●,●,●,●,●,-,-,-,-,"前- / 后●",●,-,-,-,-,-,●,●,-,●,-,-,-,-,●,●,●,●,●,●,仿皮,●,"主● / 副-",-,-,整体放倒,"前● / 后●",●,●,●,●,10.4英寸,USB,-,6-7喇叭,LED,LED,●,-,●,●,-,●,"前● / 后●",全车,●,-,●,●,●,-,●,自动●,●
"荣威i6 2017款 20T 自动互联网智臻版",上汽集团,紧凑型车,2017.02,"1.5T 169马力 L4",7挡双离合,4671*1835*1460,4门5座三厢车,210,5.9,1.5,涡轮增压,双离合变速箱(DCT),电子驻车,"主● / 副●","前● / 后-","前● / 后●",●,●,●,●,●,●,●,●,-,●,●,-,"前- / 后●",●,-,-,●,-,-,●,●,-,●,-,-,-,-,●,●,●,●,●,●,仿皮,●,"主● / 副-",-,-,整体放倒,"前● / 后●",●,●,●,●,10.4英寸,USB,-,6-7喇叭,LED,LED,●,●,●,●,-,●,"前● / 后●",全车,●,-,●,●,●,-,●,自动●,●
"荣威i6 2017款 20T 自动旗舰版",上汽集团,紧凑型车,2017.02,"1.5T 169马力 L4",7挡双离合,4671*1835*1460,4门5座三厢车,210,5.9,1.5,涡轮增压,双离合变速箱(DCT),电子驻车,"主● / 副●","前● / 后-",-,●,●,●,●,●,●,●,●,-,-,-,-,"前- / 后●",●,-,-,-,-,-,●,●,-,●,-,-,-,-,●,●,●,●,●,●,仿皮,●,"主● / 副-",-,-,整体放倒,"前● / 后●",●,-,-,●,8英寸,USB,-,6-7喇叭,卤素(选装LED),卤素(选装LED),●,-,○,-,-,-,"前● / 后●",主驾驶位,●,-,●,-,●,-,○,手动●,-
"菲翔 2017款 1.4T 自动劲享版",广汽菲克菲亚特,紧凑型车,"1.4T 150马力",7挡双离合,4679*1850*1471,4门5座三厢车,207,-,-,1.4,涡轮增压,双离合变速箱(DCT),手刹,"主● / 副●","前● / 后-",-,-,●,●,●,●,●,●,●,-,-,-,-,-,-,-,-,-,-,-,●,●,-,●,-,-,-,-,●,●,●,-,-,●,皮/织物混搭,●,-,-,-,比例放倒,"前● / 后●",●,-,-,-,-,USB+AUX,单碟CD,6-7喇叭,卤素,卤素,-,-,-,-,●,-,"前● / 后●",前排,●,-,●,-,●,-,-,自动●,-
"菲翔 2017款 1.4T 自动跃享版",广汽菲克菲亚特,紧凑型车,"1.4T 150马力",7挡双离合,4679*1850*1461,4门5座三厢车,207,-,-,1.4,涡轮增压,双离合变速箱(DCT),手刹,"主● / 副●","前● / 后-",-,-,●,●,●,●,●,●,●,-,-,-,-,"前- / 后●",-,-,-,-,-,-,●,●,-,●,-,-,-,-,●,●,●,●,●,●,真皮,●,"主● / 副-",-,-,比例放倒,"前● / 后●",●,-,-,-,-,USB+AUX,单碟CD,6-7喇叭,卤素,卤素,-,-,-,-,●,-,"前● / 后●",前排,●,-,●,-,●,-,-,自动●,-
"蒙迪欧 2017款 EcoBoost 180 舒适型",长安福特,中型车,2016.11,"1.5T 181马力 L4",6挡手自一体,4873*1852*1470,4门5座三厢车,-,6.9,1.5,涡轮增压,手自一体变速箱(AT),电子驻车,"主● / 副●","前● / 后-","前● / 后●",●,●,●,●,●,●,●,●,-,-,-,-,-,-,-,-,-,-,●,●,-,-,●,-,-,-,-,●,●,●,●,-,●,织物,●,-,-,-,比例放倒,"前● / 后●",●,-,-,-,-,USB,单碟CD,8-9喇叭,卤素,卤素,●,-,-,●,●,-,"前● / 后●",全车,●,-,●,-,●,-,-,手动●,●
"起亚K2 2017款 三厢 1.4L AT GLS",东风悦达起亚,小型车,2016.11,"1.4L 100马力 L4",6挡手自一体,4400*1740*1460,4门5座三厢车,181,5.8,1.4,自然吸气,手自一体变速箱(AT),手刹,"主● / 副●",-,-,-,●,●,●,●,○,○,○,-,-,-,-,"前- / 后●",●,-,-,-,-,○,○,○,-,●,-,-,-,-,●,●,●,-,-,-,织物,-,-,-,-,-,-,-,-,-,●,7英寸,USB+AUX,-,4-5喇叭,卤素,卤素,-,-,-,-,●,-,"前● / 后●",主驾驶位,●,-,●,-,●,-,-,手动●,-
"起亚K2 2017款 三厢 1.6L AT Premium",东风悦达起亚,小型车,2016.11,"1.6L 123马力 L4",6挡手自一体,4400*1740*1460,4门5座三厢车,190,6,1.6,自然吸气,手自一体变速箱(AT),手刹,"主● / 副●","前○ / 后-",-,-,●,●,●,●,○,○,○,-,-,-,-,"前- / 后●",●,-,-,-,-,○,○,●,-,●,-,-,○,-,●,●,●,○,○,●,仿皮,●,-,-,-,比例放倒,"前● / 后-",-,-,-,●,7英寸,USB+AUX,-,6-7喇叭,卤素,卤素,●,-,-,●,●,-,"前● / 后●",主驾驶位,●,-,●,●,●,-,-,"手动● / 自动○",●
"起亚K3 2016款 1.4T 自动GL",东风悦达起亚,紧凑型车,2016.04,"1.4T 130马力 L4",7挡双离合,4600*1780*1445,4门5座三厢车,190,5.9,1.4,涡轮增压,双离合变速箱(DCT),手刹,"主● / 副●","前● / 后-",-,-,●,●,●,●,●,●,●,-,-,-,-,-,-,-,-,-,-,○,●,-,-,●,-,-,-,-,●,●,●,-,-,●,织物,●,-,-,-,-,"前● / 后-",-,-,-,-,-,USB+AUX,-,4-5喇叭,卤素,卤素,-,-,-,-,●,-,"前● / 后●",-,-,-,●,-,●,-,-,手动●,-
"起亚K3 2016款 1.4T 自动GLS",东风悦达起亚,紧凑型车,2016.04,"1.4T 130马力 L4",7挡双离合,4600*1780*1445,4门5座三厢车,190,5.9,1.4,涡轮增压,双离合变速箱(DCT),手刹,"主● / 副●","前● / 后-",-,-,●,●,●,●,●,●,●,-,-,-,-,"前- / 后●",○,-,-,-,-,○,●,●,-,●,-,-,●,-,●,●,●,●,●,●,仿皮,●,-,-,-,-,"前● / 后●",●,○,○,○,(选装8英寸),USB+AUX,-,4-5喇叭,卤素,卤素,●,-,●,-,●,-,"前● / 后●",-,-,-,●,-,●,-,-,手动●,-
"起亚K3 2016款 1.4T 自动Premium",东风悦达起亚,紧凑型车,2016.04,"1.4T 130马力 L4",7挡双离合,4600*1780*1445,4门5座三厢车,190,5.9,1.4,涡轮增压,双离合变速箱(DCT),手刹,"主● / 副●","前● / 后-","前○ / 后○",●,●,●,●,●,●,●,●,○,-,-,-,"前○ / 后●",●,-,-,-,-,●,●,●,-,●,-,-,●,-,●,●,●,●,●,●,仿皮,●,"主● / 副-",-,-,-,"前● / 后●",●,○,●,●,8英寸,USB+AUX,-,6-7喇叭,氙气,卤素,●,-,●,●,●,-,"前● / 后●",主驾驶位,●,-,●,●,●,-,-,自动●,●
"起亚K3 2016款 1.6L 自动DLX",东风悦达起亚,紧凑型车,2016.04,"1.6L 128马力 L4",6挡手自一体,4600*1780*1445,4门5座三厢车,190,6.2,1.6,自然吸气,手自一体变速箱(AT),手刹,"主● / 副●","前● / 后-",-,-,●,●,●,●,●,●,●,-,-,-,-,"前- / 后●",●,-,-,-,-,●,●,●,-,●,-,-,●,-,●,●,●,●,●,●,仿皮(选装真皮),●,"主○ / 副-",-,○,-,"前● / 后●",●,○,●,●,8英寸,USB+AUX,-,6-7喇叭,卤素,卤素,●,-,●,-,●,-,"前● / 后●",-,-,-,●,-,●,-,-,手动●,●
"起亚K3 2016款 1.6L 自动GLS",东风悦达起亚,紧凑型车,2016.04,"1.6L 128马力 L4",6挡手自一体,4600*1780*1445,4门5座三厢车,190,6.2,1.6,自然吸气,手自一体变速箱(AT),手刹,"主● / 副●","前● / 后-",-,-,●,●,●,●,●,●,●,-,-,-,-,"前- / 后●",-,-,-,-,-,○,●,●,-,●,-,-,●,-,●,●,●,●,●,●,织物(选装真皮),●,"主○ / 副-",-,○,-,"前● / 后●",●,-,○,○,(选装8英寸),USB+AUX,-,4-5喇叭,卤素,卤素,●,-,●,-,●,-,"前● / 后●",-,-,-,●,-,●,-,-,手动●,-
"起亚K3 2016款 1.6L 自动Premium",东风悦达起亚,紧凑型车,2016.04,"1.6L 128马力 L4",6挡手自一体,4600*1780*1445,4门5座三厢车,190,6.2,1.6,自然吸气,手自一体变速箱(AT),手刹,"主● / 副●","前● / 后-","前○ / 后○",●,●,●,●,●,●,●,●,○,-,-,-,"前○ / 后●",●,-,-,-,-,●,●,●,-,●,-,-,●,-,●,●,●,●,●,●,仿皮,●,"主● / 副-",-,-,-,"前● / 后●",●,○,●,●,8英寸,USB+AUX,-,6-7喇叭,氙气,卤素,●,-,●,●,●,-,"前● / 后●",主驾驶位,●,-,●,●,●,-,-,自动●,●
"起亚K4 2017款 1.6T 自动T-DLX Turbo",东风悦达起亚,中型车,2016.08,"1.6T 175马力 L4",7挡双离合,4720*1815*1465,4门5座三厢车,-,6.6,1.6,涡轮增压,双离合变速箱(DCT),脚刹,"主● / 副●",-,-,-,●,●,●,●,●,●,●,-,-,-,-,"前- / 后●",●,-,-,-,-,-,●,●,●,●,-,-,-,-,●,●,●,●,●,●,仿皮,●,-,-,-,-,"前● / 后●",●,-,-,●,7英寸,USB+AUX,单碟CD,6-7喇叭,卤素,卤素,●,-,●,-,●,-,"前● / 后●",主驾驶位,●,-,●,-,●,-,-,自动●,●
"起亚K4 2017款 1.6T 自动T-GLS Special",东风悦达起亚,中型车,2016.08,"1.6T 175马力 L4",7挡双离合,4720*1815*1465,4门5座三厢车,-,6.6,1.6,涡轮增压,双离合变速箱(DCT),脚刹,"主● / 副●",-,-,-,●,●,●,●,●,●,●,-,-,-,-,"前- / 后●",-,-,-,-,-,-,●,-,-,●,-,-,-,-,●,●,●,-,-,●,仿皮,●,-,-,-,-,"前● / 后●",●,-,-,●,4.3英寸,USB+AUX,单碟CD,6-7喇叭,卤素,卤素,●,-,●,-,●,-,"前● / 后●",主驾驶位,●,-,●,-,●,-,-,手动●,-
"起亚K4 2017款 1.6T 自动T-PRM",东风悦达起亚,中型车,2016.08,"1.6T 175马力 L4",7挡双离合,4720*1815*1465,4门5座三厢车,-,6.6,1.6,涡轮增压,双离合变速箱(DCT),脚刹,"主● / 副●","前● / 后-","前● / 后●",-,●,●,●,●,●,●,●,-,-,-,-,"前- / 后●",●,-,-,-,-,-,●,●,●,●,-,-,-,-,●,●,●,●,●,●,仿皮,●,"主● / 副-",-,●,-,"前● / 后●",●,●,-,●,7英寸,USB+AUX,单碟CD,6-7喇叭,卤素,卤素,●,-,●,-,●,-,"前● / 后●",主驾驶位,●,-,●,●,●,-,-,自动●,●
"起亚K4 2017款 1.8L 自动DLX Special",东风悦达起亚,中型车,2016.08,"1.8L 143马力 L4",6挡手自一体,4720*1815*1465,4门5座三厢车,-,7.1,1.8,自然吸气,手自一体变速箱(AT),脚刹,"主● / 副●","前● / 后-","前● / 后●",-,●,●,●,●,●,●,●,-,-,-,-,"前- / 后●",●,-,-,-,-,-,●,●,●,●,-,-,-,-,●,●,●,●,●,●,仿皮(选装真皮),●,"主● / 副-",-,○,-,"前● / 后●",●,●,-,●,7英寸,USB+AUX,单碟CD,6-7喇叭,卤素,卤素,●,-,●,-,●,-,"前● / 后●",主驾驶位,●,-,●,●,●,-,○,自动●,●
"起亚K5 2016款 2.0L 自动GLS",东风悦达起亚,中型车,2015.10,"2.0L 161马力 L4",6挡手自一体,4855*1860*1475,4门5座三厢车,197,7.4,2.0,自然吸气,手自一体变速箱(AT),脚刹,"主● / 副●","前● / 后-",-,-,●,●,●,●,●,●,●,-,-,-,-,"前- / 后●",-,-,-,-,-,-,●,●,-,●,-,-,-,-,●,●,●,-,-,-,仿皮,●,-,-,-,-,"前● / 后-",-,-,-,-,-,USB+AUX,-,6-7喇叭,卤素,卤素,-,-,-,-,●,-,"前● / 后●",主驾驶位,●,-,●,●,●,-,-,自动●,●
"起亚K5 2016款 2.0L 自动LUX",东风悦达起亚,中型车,2015.10,"2.0L 161马力 L4",6挡手自一体,4855*1860*1475,4门5座三厢车,197,7.4,2.0,自然吸气,手自一体变速箱(AT),脚刹,"主● / 副●","前● / 后-","前● / 后●",-,●,●,●,●,●,●,●,-,-,-,-,"前- / 后●",●,-,-,-,-,-,●,●,○,●,-,-,●,-,●,●,●,●,●,●,仿皮,●,"主● / 副-",-,-,-,"前● / 后-",-,-,-,●,5英寸,USB+AUX,-,6-7喇叭,卤素,卤素,●,-,●,-,●,-,"前● / 后●",主驾驶位,●,-,●,●,●,-,-,自动●,●
"轩逸 2016款 1.6XL CVT尊享版",东风日产,紧凑型车,2016.03,"1.6L 126马力 L4",CVT无级变速,4631*1760*1503,4门5座三厢车,183,5.6,1.6,自然吸气,无级变速箱(CVT),手刹,"主● / 副●","前● / 后-","前● / 后●",-,●,●,●,●,●,●,●,-,-,-,-,-,●,-,-,-,-,-,-,●,-,●,-,-,-,-,●,●,●,●,●,-,真皮,●,-,-,-,-,"前● / 后●",●,-,-,●,7英寸,USB+AUX,-,4-5喇叭,卤素,卤素,-,-,-,-,●,-,"前● / 后●",主驾驶位,●,-,●,-,●,-,-,手动●,-
"轩逸 2016款 1.6XL CVT豪华版",东风日产,紧凑型车,2016.03,"1.6L 126马力 L4",CVT无级变速,4631*1760*1503,4门5座三厢车,183,5.6,1.6,自然吸气,无级变速箱(CVT),手刹,"主● / 副●","前● / 后-","前● / 后●",-,●,●,●,●,●,●,●,-,-,-,-,"前- / 后●",-,-,-,-,-,-,-,●,-,●,-,-,-,-,●,●,●,-,-,-,真皮,●,-,-,-,-,"前● / 后●",●,-,-,-,-,USB+AUX,-,4-5喇叭,卤素,卤素,-,-,-,-,●,-,"前● / 后●",主驾驶位,●,-,●,-,●,-,-,手动●,-
"轩逸 2016款 1.6XV CVT智享版",东风日产,紧凑型车,2016.03,"1.6L 126马力 L4",CVT无级变速,4631*1760*1503,4门5座三厢车,183,5.6,1.6,自然吸气,无级变速箱(CVT),手刹,"主● / 副●","前● / 后-","前● / 后●",-,●,●,●,●,●,●,●,-,-,-,-,-,●,-,-,-,-,-,-,●,-,●,-,-,-,-,●,●,●,●,●,-,真皮,●,-,-,-,-,"前● / 后●",●,-,-,●,7英寸,USB+AUX,-,4-5喇叭,LED,卤素,●,-,-,-,●,-,"前● / 后●",主驾驶位,●,-,●,-,●,-,-,手动●,-
"轩逸 2016款 1.6XV CVT智尊版",东风日产,紧凑型车,2016.03,"1.6L 126马力 L4",CVT无级变速,4631*1760*1503,4门5座三厢车,183,5.2,1.6,自然吸气,无级变速箱(CVT),手刹,"主● / 副●","前● / 后-","前● / 后●",●,●,●,●,●,●,●,●,●,●,●,-,-,●,-,-,-,-,●,-,●,-,●,-,-,-,-,●,●,●,●,●,-,真皮,●,-,-,-,-,"前● / 后●",●,-,-,●,7英寸,USB+AUX,-,4-5喇叭,LED,卤素,●,-,-,-,●,-,"前● / 后●",主驾驶位,●,-,●,-,●,-,-,手动●,-
"轩逸 2016款 1.8XL CVT豪华版",东风日产,紧凑型车,2016.03,"1.8L 139马力 L4",CVT无级变速,4631*1760*1503,4门5座三厢车,186,6.7,1.8,自然吸气,无级变速箱(CVT),手刹,"主● / 副●","前● / 后-","前● / 后●",-,●,●,●,●,●,●,●,-,-,-,-,"前- / 后●",-,-,-,-,-,-,-,●,-,●,-,-,-,-,●,●,●,●,●,●,真皮,●,-,-,-,-,"前● / 后●",●,-,-,-,7英寸,USB+AUX,-,4-5喇叭,卤素,卤素,-,-,●,-,●,-,"前● / 后●",主驾驶位,●,-,●,-,●,-,-,自动●,●
"轩逸 2016款 1.8XV CVT智尊版",东风日产,紧凑型车,2016.03,"1.8L 139马力 L4",CVT无级变速,4631*1760*1503,4门5座三厢车,186,6.7,1.8,自然吸气,无级变速箱(CVT),手刹,"主● / 副●","前● / 后-","前● / 后●",●,●,●,●,●,●,●,●,●,●,●,-,-,●,-,-,-,-,-,-,●,-,●,-,-,-,-,●,●,●,●,●,●,真皮,●,-,-,-,-,"前● / 后●",●,-,-,●,7英寸,USB+AUX,-,6-7喇叭,LED,卤素,●,-,●,-,●,-,"前● / 后●",主驾驶位,●,-,●,-,●,-,-,自动●,●
"迈锐宝 2017款 1.5T 自动舒适版",上汽通用雪佛兰,中型车,2016.08,"1.5T 170马力 L4",6挡手自一体,4855*1854*1476,4门5座三厢车,205,6.8,1.5,涡轮增压,手自一体变速箱(AT),手刹,"主● / 副●","前● / 后-",-,-,●,●,●,●,●,●,●,-,-,-,-,"前- / 后●",-,-,-,-,-,●,-,●,-,●,-,-,-,-,●,●,●,-,-,-,织物,●,-,-,-,-,"前● / 后●",●,-,-,-,-,USB+AUX,-,6-7喇叭,卤素,卤素,-,-,●,-,●,-,"前● / 后●",-,-,-,●,-,●,-,-,自动●,-
"迈锐宝 2017款 1.5T 自动豪华版",上汽通用雪佛兰,中型车,2016.08,"1.5T 170马力 L4",6挡手自一体,4855*1854*1476,4门5座三厢车,205,6.8,1.5,涡轮增压,手自一体变速箱(AT),电子驻车,"主● / 副●","前● / 后-",-,-,●,●,●,●,●,●,●,-,-,-,-,"前- / 后●",●,-,-,-,-,●,-,●,-,●,-,-,-,-,●,●,●,●,●,●,真皮,●,"主● / 副-",-,-,-,"前● / 后●",●,●,-,●,7英寸,USB+AUX,-,6-7喇叭,氙气,氙气,-,-,●,-,●,-,"前● / 后●",主驾驶位,●,-,●,-,●,-,-,自动●,●
"迈锐宝XL 2017款 1.5T 自动锐享版",上汽通用雪佛兰,中型车,2017.01,"1.5T 170马力 L4",6挡手自一体,4923*1854*1470,4门5座三厢车,205,6.3,1.5,涡轮增压,手自一体变速箱(AT),电子驻车,"主● / 副●","前● / 后-","前● / 后●",-,●,●,●,●,●,●,●,-,-,-,-,"前- / 后●",-,-,-,-,-,●,●,●,-,●,-,-,-,-,●,●,●,●,●,-,织物,●,-,-,-,比例放倒,"前● / 后●",●,-,-,●,7英寸,USB+AUX,-,6-7喇叭,卤素,卤素,●,-,●,-,-,-,"前● / 后●",主驾驶位,●,-,●,-,●,-,-,手动●,●
"速腾 2017款 1.6L 自动时尚型",一汽-大众,紧凑型车,2016.09,"1.6L 110马力 L4",6挡手自一体,4655*1780*1453,4门5座三厢车,185,6.8,1.6,自然吸气,手自一体变速箱(AT),手刹,"主● / 副●","前● / 后-",-,-,●,●,●,●,●,●,●,-,-,-,-,"前- / 后○",-,-,-,-,-,-,●,○,-,●,-,-,-,-,●,●,●,-,-,○,织物,●,-,-,-,比例放倒,"前● / 后●",●,-,-,-,-,USB+AUX+SD,单碟CD,6-7喇叭,卤素,卤素,-,-,-,●,●,-,"前● / 后●",全车,●,-,●,-,●,-,-,手动●,-
"速腾 2017款 1.6L 自动舒适型",一汽-大众,紧凑型车,2016.09,"1.6L 110马力 L4",6挡手自一体,4655*1780*1453,4门5座三厢车,185,6.8,1.6,自然吸气,手自一体变速箱(AT),手刹,"主● / 副●","前● / 后-","前○ / 后○",●,●,●,●,●,●,●,●,-,-,-,-,"前- / 后●",-,-,-,-,-,-,●,●,-,●,-,-,-,-,●,●,●,●,●,●,真皮,●,"主○ / 副-",-,-,比例放倒,"前● / 后●",●,-,-,●,-,USB+AUX+SD,-,8-9喇叭,卤素,卤素,-,-,○,●,●,-,"前● / 后●",全车,●,-,●,-,●,-,○,手动●,●
"速腾 2017款 180TSI 自动臻享版",一汽-大众,紧凑型车,2017.07,"1.2T 110马力 L4",7挡双离合,4655*1780*1453,4门5座三厢车,190,5.5,1.2,涡轮增压,双离合变速箱(DCT),手刹,"主● / 副●","前● / 后-","前○ / 后○",●,●,●,●,●,●,●,●,-,-,-,-,"前- / 后●",-,-,-,-,-,●,●,●,-,●,-,-,-,-,●,●,●,●,●,●,真皮,●,-,-,-,比例放倒,"前● / 后●",●,-,-,●,-,USB+AUX+SD,-,8-9喇叭,卤素,卤素,-,-,●,●,●,-,"前● / 后●",全车,●,-,●,-,●,-,●,手动●,●
"速腾 2017款 180TSI 自动领先型",一汽-大众,紧凑型车,2016.09,"1.2T 110马力 L4",7挡双离合,4655*1780*1453,4门5座三厢车,190,5.5,1.2,涡轮增压,双离合变速箱(DCT),手刹,"主● / 副●","前● / 后-","前○ / 后○",●,●,●,●,●,●,●,●,-,-,-,-,"前- / 后●",-,-,-,-,-,●,●,●,-,●,-,-,-,-,●,●,●,●,●,●,真皮,●,-,-,-,比例放倒,"前● / 后●",●,-,-,●,-,USB+AUX+SD,-,8-9喇叭,卤素,卤素,-,-,●,●,●,-,"前● / 后●",全车,●,-,●,-,●,-,●,手动●,●
"速腾 2017款 230TSI 自动舒适型",一汽-大众,紧凑型车,2016.09,"1.4T 131马力 L4",7挡双离合,4655*1780*1453,4门5座三厢车,200,6.2,1.4,涡轮增压,双离合变速箱(DCT),手刹,"主● / 副●","前● / 后-","前○ / 后○",●,●,●,●,●,●,●,●,-,-,-,-,"前- / 后●",-,-,-,-,-,-,●,●,-,●,-,-,-,-,●,●,●,●,●,●,真皮,●,-,-,-,比例放倒,"前● / 后●",●,-,-,●,-,USB+AUX+SD,-,8-9喇叭,卤素(选装氙气),卤素(选装氙气),○,-,-,●,●,●,"前● / 后●",全车,●,-,●,-,●,-,-,手动●,●
"速腾 2017款 230TSI 自动豪华型",一汽-大众,紧凑型车,2016.09,"1.4T 131马力 L4",7挡双离合,4655*1780*1453,4门5座三厢车,200,6.2,1.4,涡轮增压,双离合变速箱(DCT),手刹,"主● / 副●","前● / 后-","前○ / 后○",●,●,●,●,●,●,●,●,-,-,-,-,"前● / 后●",○,-,-,-,-,-,●,●,-,●,-,-,-,-,●,●,●,●,●,●,真皮,●,"主● / 副-",-,-,比例放倒,"前● / 后●",●,○,-,●,6.5英寸,USB+AUX+SD,-,8-9喇叭,氙气,氙气,●,-,●,●,●,●,"前● / 后●",全车,●,-,●,-,●,-,●,自动●,●
"速腾 2017款 280TSI 自动R-Line",一汽-大众,紧凑型车,2016.09,"1.4T 150马力 L4",7挡双离合,4655*1780*1453,4门5座三厢车,210,5.9,1.4,涡轮增压,双离合变速箱(DCT),手刹,"主● / 副●","前● / 后-","前○ / 后○",●,●,●,●,●,●,●,●,-,-,-,-,"前- / 后●",-,-,-,-,-,●,●,●,-,●,-,-,-,-,●,●,●,●,●,●,仿皮,●,-,-,-,比例放倒,"前● / 后●",●,-,-,●,-,USB+AUX+SD,-,8-9喇叭,卤素(选装氙气),卤素(选装氙气),○,-,-,-,-,●,"前● / 后●",全车,●,-,●,-,●,-,-,手动●,●
"速锐 2015款 改款 1.5L 自动旗舰型",比亚迪,紧凑型车,2015.12,"1.5L 109马力 L4",6挡双离合,4680*1765*1490,4门5座三厢车,-,-,1.5,自然吸气,双离合变速箱(DCT),手刹,"主● / 副●","前● / 后-","前● / 后●",●,●,●,●,●,●,●,●,-,-,-,-,"前● / 后●",●,●,●,-,-,●,●,●,-,●,-,-,-,-,●,●,●,●,●,●,仿皮,●,"主● / 副-",-,-,-,"前● / 后●",●,●,-,●,-,USB+AUX,单碟DVD,10-11喇叭,卤素,卤素,●,-,●,-,●,-,"前● / 后●",主驾驶位,●,●,●,●,●,-,-,自动●,-
"速锐 2015款 改款 1.5L 自动豪华型",比亚迪,紧凑型车,2015.12,"1.5L 109马力 L4",6挡双离合,4680*1765*1490,4门5座三厢车,-,-,1.5,自然吸气,双离合变速箱(DCT),手刹,"主● / 副●","前● / 后-","前● / 后●",-,●,●,●,●,●,●,●,-,-,-,-,"前- / 后●",●,-,-,-,-,●,●,●,-,●,-,-,-,-,●,●,●,●,●,●,仿皮,●,-,-,-,-,"前● / 后●",●,●,-,●,-,USB+AUX,单碟DVD,6-7喇叭,卤素,卤素,●,-,●,-,●,-,"前● / 后●",主驾驶位,●,-,●,●,●,-,-,自动●,-
"锋范 2017款 1.5L CVT旗舰版",广汽本田,紧凑型车,2016.11,"1.5L 131马力 L4",CVT无级变速,4450*1695*1477,4门5座三厢车,185,5.4,1.5,自然吸气,无级变速箱(CVT),手刹,"主● / 副●","前● / 后-",-,-,●,●,●,●,●,●,●,-,-,-,-,-,●,-,-,-,-,●,●,●,-,●,-,-,-,-,●,●,●,●,●,●,织物,●,-,-,-,-,"前● / 后-",-,-,-,●,7英寸,USB+HDMI,-,4-5喇叭,卤素,卤素,-,-,-,-,●,-,"前● / 后●",主驾驶位,●,●,●,-,●,-,-,自动●,●
"锋范 2017款 1.5L CVT豪华版",广汽本田,紧凑型车,2016.11,"1.5L 131马力 L4",CVT无级变速,4450*1695*1477,4门5座三厢车,-,5.4,1.5,自然吸气,无级变速箱(CVT),手刹,"主● / 副●","前● / 后-",-,-,●,●,●,●,●,●,●,-,-,-,-,-,-,-,-,-,-,-,●,●,-,●,-,-,-,-,●,●,●,●,●,-,织物,●,-,-,-,-,"前● / 后-",-,-,-,-,-,USB+AUX,单碟CD,4-5喇叭,卤素,卤素,-,-,-,-,●,-,"前● / 后●",主驾驶位,●,●,●,-,●,-,-,手动●,●
"锐行 2016款 1.4TGI TST双离合尊享版",上汽集团,紧凑型车,2016.06,"1.4T 156马力 L4",7挡双离合,4612*1804*1488,4门5座三厢车,200,5.7,1.4,涡轮增压,双离合变速箱(DCT),手刹,"主● / 副●",-,-,-,●,●,●,●,●,●,●,-,-,-,-,"前- / 后●",●,-,-,-,-,●,●,●,-,●,-,-,-,-,●,●,●,-,-,-,仿皮,●,-,-,-,整体放倒,"前● / 后●",●,-,-,●,7英寸,USB+AUX,-,4-5喇叭,卤素,卤素,●,-,-,-,-,-,"前● / 后●",-,-,-,●,-,●,-,-,手动●,-
"锐行 2016款 1.4TGI TST双离合贺岁版",上汽集团,紧凑型车,2016.12,"1.4T 156马力 L4",7挡双离合,4612*1804*1488,4门5座三厢车,200,5.7,1.4,涡轮增压,双离合变速箱(DCT),手刹,"主● / 副●",-,-,●,●,●,●,●,●,●,●,-,-,-,-,"前- / 后●",●,-,-,-,-,●,●,●,-,●,-,-,●,-,●,●,●,-,-,-,仿皮,●,-,-,-,整体放倒,"前● / 后●",●,-,-,●,7英寸,USB+AUX,-,4-5喇叭,卤素,卤素,●,-,-,-,-,-,"前● / 后●",-,-,-,●,-,●,-,-,手动●,-
"阿特兹 2017款 2.0L 蓝天时尚版",一汽马自达,中型车,2016.08,"2.0L 158马力 L4",6挡手自一体,4870*1840*1450,4门5座三厢车,195,6.4,2.0,自然吸气,手自一体变速箱(AT),电子驻车,"主● / 副●","前● / 后-","前● / 后●",-,●,●,●,●,●,●,●,-,-,-,-,"前● / 后●",-,-,-,-,-,●,●,●,-,●,-,-,-,-,●,●,●,●,-,●,织物,●,-,-,-,比例放倒,"前● / 后●",●,-,-,-,-,USB+AUX,单碟CD,6-7喇叭,LED,LED,●,-,-,-,●,-,"前● / 后●",全车,●,●,●,●,●,-,-,自动●,●
"雅阁 2016款 2.0L 舒适版",广汽本田,中型车,2016.03,"2.0L 155马力 L4",CVT无级变速,4915*1845*1470,4门5座三厢车,200,7,2.0,自然吸气,无级变速箱(CVT),电子驻车,"主● / 副●","前● / 后-",-,-,●,●,●,●,●,●,●,-,-,-,-,-,●,-,-,-,-,-,●,●,-,●,-,-,-,-,●,●,●,-,-,-,织物,●,-,-,-,整体放倒,"前● / 后●",●,-,-,●,8英寸,USB+AUX,单碟CD,6-7喇叭,卤素,卤素,●,-,-,-,●,-,"前● / 后●",主驾驶位,●,-,●,-,●,-,-,手动●,-
"雪铁龙C4L 2016款 1.2T 自动精英型",东风雪铁龙,紧凑型车,2016.07,"1.2T 136马力 L3",6挡手自一体,4675*1780*1500,4门5座三厢车,200,5.4,1.2,涡轮增压,手自一体变速箱(AT),电子驻车,"主● / 副●","前● / 后-",-,●,●,●,●,●,●,●,●,●,●,-,-,"前● / 后●",●,-,-,-,-,●,●,●,-,●,-,-,-,-,●,●,●,●,●,●,真皮,●,"主● / 副-",-,-,比例放倒,"前● / 后●",●,○,○,●,(选装7英寸),USB+AUX,单碟CD,6-7喇叭,卤素(选装LED),卤素(选装LED),●,-,●,○,●,-,"前● / 后●",-,-,-,●,●,●,-,●,自动●,●
"雪铁龙C4L 2016款 1.2T 自动领先型",东风雪铁龙,紧凑型车,2016.07,"1.2T 136马力 L3",6挡手自一体,4675*1780*1500,4门5座三厢车,200,5.4,1.2,涡轮增压,手自一体变速箱(AT),电子驻车,"主● / 副●","前● / 后-",-,●,●,●,●,●,●,●,●,-,-,-,-,"前- / 后●",●,-,-,-,-,●,●,●,-,●,-,-,-,-,●,●,●,●,●,●,织物,●,-,-,-,比例放倒,"前● / 后-",-,-,-,●,-,USB+AUX,单碟CD,6-7喇叭,卤素,卤素,●,-,-,-,●,-,"前● / 后●",-,-,-,●,●,●,-,-,手动●,-
"雪铁龙C4L 2016款 1.6T 自动精英型",东风雪铁龙,紧凑型车,2016.07,"1.6T 167马力 L4",6挡手自一体,4675*1780*1500,4门5座三厢车,215,6,1.6,涡轮增压,手自一体变速箱(AT),电子驻车,"主● / 副●","前● / 后-",-,●,●,●,●,●,●,●,●,●,●,-,-,"前● / 后●",●,-,-,-,-,●,●,●,-,●,-,-,-,-,●,●,●,●,●,●,真皮,●,"主● / 副-",-,-,比例放倒,"前● / 后●",●,○,○,●,(选装7英寸),USB+AUX,单碟CD,6-7喇叭,卤素(选装LED),卤素(选装LED),●,-,●,○,●,-,"前● / 后●",-,-,-,●,●,●,-,●,自动●,●
"雪铁龙C4L 2016款 1.6T 自动领先型",东风雪铁龙,紧凑型车,2016.07,"1.6T 167马力 L4",6挡手自一体,4675*1780*1500,4门5座三厢车,215,6,1.6,涡轮增压,手自一体变速箱(AT),电子驻车,"主● / 副●","前● / 后-",-,●,●,●,●,●,●,●,●,-,-,-,-,"前- / 后●",●,-,-,-,-,●,●,●,-,●,-,-,-,-,●,●,●,●,●,●,织物,●,-,-,-,比例放倒,"前● / 后-",-,-,-,●,-,USB+AUX,单碟CD,6-7喇叭,卤素,卤素,●,-,-,-,●,-,"前● / 后●",-,-,-,●,●,●,-,-,手动●,-
"雪铁龙C5 2016款 1.6T 自动尊悦型",东风雪铁龙,中型车,2015.11,"1.6T 167马力 L4",6挡手自一体,4805*1860*1458,4门5座三厢车,215,6.4,1.6,涡轮增压,手自一体变速箱(AT),手刹,"主● / 副●",-,-,-,●,●,●,●,●,●,●,-,-,-,-,"前- / 后●",-,-,-,-,-,●,●,○,-,●,-,-,-,-,●,●,●,-,-,●,织物,●,-,-,-,-,"前● / 后●",●,-,-,-,-,USB+AUX,单碟CD,6-7喇叭,卤素,卤素,●,-,-,●,●,-,"前● / 后●",全车,●,●,●,-,●,-,-,自动●,●
"雪铁龙C5 2017款 350THP 自动舒适型",东风雪铁龙,中型车,2017.06,"1.6T 167马力 L4",6挡手自一体,4825*1860*1480,4门5座三厢车,215,6.5,1.6,涡轮增压,手自一体变速箱(AT),电子驻车,"主● / 副●",-,-,-,●,●,●,●,●,●,●,-,-,-,-,-,-,-,-,-,-,●,●,-,-,●,-,-,-,-,●,●,●,-,-,●,织物,●,-,-,-,-,"前● / 后●",●,-,-,●,8英寸,USB,-,6-7喇叭,卤素,卤素,●,-,-,●,-,-,"前● / 后●",全车,●,●,●,-,●,-,-,自动●,●
"雪铁龙C5 2017款 350THP 自动豪华型",东风雪铁龙,中型车,2017.06,"1.6T 167马力 L4",6挡手自一体,4825*1860*1480,4门5座三厢车,215,6.5,1.6,涡轮增压,手自一体变速箱(AT),电子驻车,"主● / 副●","前● / 后-",-,●,●,●,●,●,●,●,●,-,-,-,-,"前- / 后●",●,-,-,-,-,●,●,●,-,●,-,-,-,-,●,●,●,●,●,●,真皮,●,"主● / 副●",-,-,-,"前● / 后●",●,○,○,●,8英寸,USB,-,6-7喇叭,卤素,卤素,●,-,●,●,-,-,"前● / 后●",全车,●,●,●,-,●,-,●,自动●,●
"雷凌 2016款 双擎 1.8H GS CVT精英天窗版",广汽丰田,紧凑型车,2015.10,"1.8L 99马力 L4",E-CVT无级变速,4630*1775*1485,4门5座三厢车,-,4.2,1.8,自然吸气,53,扭力梁式非独立悬架,"主● / 副●","前● / 后-","前● / 后●",-,●,●,●,●,●,●,●,-,-,-,-,-,-,-,-,-,-,-,●,●,-,●,-,-,-,-,●,●,●,●,-,-,织物,●,-,-,-,-,"前● / 后-",-,-,-,-,-,USB+AUX,单碟CD,4-5喇叭,LED,LED,-,-,-,-,●,-,"前● / 后●",-,-,-,●,-,●,-,-,自动●,-
"雷凌 2016款 双擎 1.8H GS CVT精英版",广汽丰田,紧凑型车,2015.10,"1.8L 99马力 L4",E-CVT无级变速,4630*1775*1485,4门5座三厢车,-,4.2,1.8,自然吸气,53,扭力梁式非独立悬架,"主● / 副●","前● / 后-","前● / 后●",-,●,●,●,●,●,●,●,-,-,-,-,-,-,-,-,-,-,-,●,-,-,●,-,-,-,-,●,●,●,●,-,-,织物,●,-,-,-,-,"前● / 后-",-,-,-,-,-,USB+AUX,单碟CD,4-5喇叭,LED,LED,-,-,-,-,●,-,"前● / 后●",-,-,-,●,-,●,-,-,自动●,-
"雷凌 2016款 双擎 1.8H GS-L CVT领先版",广汽丰田,紧凑型车,2015.10,"1.8L 99马力 L4",E-CVT无级变速,4630*1775*1485,4门5座三厢车,-,4.2,1.8,自然吸气,53,扭力梁式非独立悬架,"主● / 副●","前● / 后-","前● / 后●",-,●,●,●,●,●,●,●,-,-,-,-,-,●,-,-,-,-,-,●,●,-,●,-,-,-,-,●,●,●,●,●,●,真皮,●,"主● / 副-",-,-,-,"前● / 后●",●,-,-,●,-,USB+AUX,-,4-5喇叭,LED,LED,-,-,●,-,●,-,"前● / 后●",-,-,-,●,-,●,-,-,自动●,-
"雷凌 2016款 双擎 1.8H V CVT豪华版",广汽丰田,紧凑型车,2015.10,"1.8L 99马力 L4",E-CVT无级变速,4630*1775*1485,4门5座三厢车,-,4.2,1.8,自然吸气,53,扭力梁式非独立悬架,"主● / 副●","前● / 后-","前● / 后●",-,●,●,●,●,●,●,●,-,-,-,-,-,●,-,-,-,-,-,●,●,-,●,-,-,-,-,●,●,●,●,●,●,真皮,●,"主● / 副-",-,-,-,"前● / 后●",●,●,●,●,-,USB+AUX,单碟CD,6-7喇叭,LED,LED,-,-,●,-,●,-,"前● / 后●",-,-,-,●,-,●,-,-,自动●,-
"雷凌 2017款 1.2T G CVT精英版",广汽丰田,紧凑型车,2016.11,"1.2T 116马力 L4",CVT无级变速(模拟8挡),4630*1775*1480,4门5座三厢车,-,5.6,1.2,涡轮增压,无级变速箱(CVT),手刹,"主● / 副●","前● / 后-",-,-,●,●,●,●,●,●,●,-,-,-,-,"前- / 后●",-,-,-,-,-,●,●,●,-,●,-,-,-,-,●,●,●,-,-,-,织物,●,-,-,-,-,"前● / 后-",-,-,-,-,-,USB+AUX,单碟CD,4-5喇叭,卤素,卤素,-,-,-,-,●,-,"前● / 后●",-,-,-,●,-,●,-,-,手动●,-
"雷凌 2017款 1.2T V CVT豪华版",广汽丰田,紧凑型车,2016.11,"1.2T 116马力 L4",CVT无级变速(模拟8挡),4630*1775*1480,4门5座三厢车,-,5.6,1.2,涡轮增压,无级变速箱(CVT),手刹,"主● / 副●","前● / 后-",-,-,●,●,●,●,●,●,●,-,-,-,-,"前- / 后●",-,-,-,-,-,●,●,●,-,●,-,-,-,-,●,●,●,-,-,-,仿皮+真皮,●,-,-,-,-,"前● / 后-",-,-,-,●,-,USB+AUX,(选装单碟CD),4-5喇叭,卤素,卤素,●,-,-,-,●,-,"前● / 后●",-,-,-,●,-,●,-,-,手动●,-
"雷凌 2017款 1.8GS CVT精英版",广汽丰田,紧凑型车,2016.11,"1.8L 140马力 L4",CVT无级变速(模拟8挡),4630*1775*1480,4门5座三厢车,-,5.9,1.8,自然吸气,无级变速箱(CVT),手刹,"主● / 副●","前● / 后-",-,-,●,●,●,●,●,●,●,-,-,-,-,-,●,-,-,-,-,●,●,●,-,●,-,-,-,-,●,●,●,-,-,●,织物,●,-,-,-,-,"前● / 后-",-,-,-,●,-,USB+AUX,(选装单碟CD),4-5喇叭,卤素,卤素,-,-,-,-,●,-,"前● / 后●",-,-,-,●,-,●,-,-,手动●,-
"雷凌 2017款 1.8GS-L CVT领先版",广汽丰田,紧凑型车,2016.11,"1.8L 140马力 L4",CVT无级变速(模拟8挡),4630*1775*1480,4门5座三厢车,-,5.9,1.8,自然吸气,无级变速箱(CVT),手刹,"主● / 副●","前● / 后-",-,-,●,●,●,●,●,●,●,-,-,-,-,-,●,-,-,-,-,●,●,●,-,●,-,-,-,-,●,●,●,-,-,●,仿皮+真皮,●,"主● / 副-",-,-,-,"前● / 后-",-,-,-,●,-,USB+AUX,(选装单碟CD),4-5喇叭,卤素,卤素,-,-,-,-,●,-,"前● / 后●",-,-,-,●,-,●,-,-,手动●,-
"雷凌 2017款 改款 1.8GS CVT精英版",广汽丰田,紧凑型车,"1.8L 140马力",CVT无级变速(模拟8挡),4630*1775*1480,4门5座三厢车,-,-,-,1.8,自然吸气,无级变速箱(CVT),手刹,"主● / 副●","前● / 后-",-,-,●,●,●,●,●,●,●,-,-,-,-,"前- / 后●",-,-,-,-,-,●,●,●,-,●,-,-,-,-,●,●,●,●,●,-,织物,●,-,-,-,比例放倒,"前● / 后●",●,●,-,●,8英寸,USB+AUX,-,4-5喇叭,卤素,卤素,-,-,-,-,●,-,"前● / 后●",-,-,-,●,-,●,-,-,手动●,-
"雷凌 2017款 改款 1.8GS-L CVT领先版",广汽丰田,紧凑型车,"1.8L 140马力",CVT无级变速(模拟8挡),4630*1775*1480,4门5座三厢车,-,-,-,1.8,自然吸气,无级变速箱(CVT),手刹,"主● / 副●","前● / 后-",-,-,●,●,●,●,●,●,●,-,-,-,-,-,●,-,-,-,-,●,●,●,-,●,-,-,-,-,●,●,●,●,●,-,仿皮+真皮,●,-,-,-,比例放倒,"前● / 后●",●,●,-,●,8英寸,USB+AUX,-,4-5喇叭,LED,LED,-,-,●,-,●,-,"前● / 后●",主驾驶位,-,-,●,-,●,-,-,手动●,-
"雷凌 2017款 改款 1.8V CVT 豪华版",广汽丰田,紧凑型车,"1.8L 140马力",CVT无级变速(模拟8挡),4630*1775*1480,4门5座三厢车,-,-,-,1.8,自然吸气,无级变速箱(CVT),手刹,"主● / 副●","前● / 后-","前● / 后●",●,●,●,●,●,●,●,●,-,-,-,-,-,●,-,-,-,-,●,●,●,-,●,-,-,-,-,●,●,●,●,●,●,仿皮+真皮,●,-,-,-,比例放倒,"前● / 后●",●,●,-,●,8英寸,USB+AUX,-,6-7喇叭,LED,LED,-,-,●,-,●,-,"前● / 后●",主驾驶位,-,-,●,-,●,-,-,自动●,-
"雷凌 2017款 改款 185T CVT精英版",广汽丰田,紧凑型车,"1.2T 116马力",CVT无级变速(模拟8挡),4630*1775*1480,4门5座三厢车,-,-,-,1.2,涡轮增压,无级变速箱(CVT),手刹,"主● / 副●","前● / 后-",-,-,●,●,●,●,●,●,●,-,-,-,-,"前- / 后●",-,-,-,-,-,●,●,●,-,●,-,-,-,-,●,●,●,-,-,-,织物,●,-,-,-,比例放倒,"前● / 后●",●,●,-,●,8英寸,USB+AUX,-,4-5喇叭,卤素,卤素,-,-,-,-,●,-,"前● / 后●",-,-,-,●,-,●,-,-,手动●,-
"雷凌 2017款 改款 185T CVT领先版",广汽丰田,紧凑型车,"1.2T 116马力",CVT无级变速(模拟8挡),4630*1775*1480,4门5座三厢车,-,-,-,1.2,涡轮增压,无级变速箱(CVT),手刹,"主● / 副●","前● / 后-",-,-,●,●,●,●,●,●,●,-,-,-,-,-,●,-,-,-,-,●,●,●,-,●,-,-,-,-,●,●,●,-,-,-,仿皮+真皮,●,-,-,-,比例放倒,"前● / 后●",●,●,-,●,8英寸,USB+AUX,-,4-5喇叭,LED,LED,-,-,●,-,●,-,"前● / 后●",主驾驶位,-,-,●,-,●,-,-,手动●,-
"雷凌 2017款 改款双擎 1.8H GS CVT精英天窗版",广汽丰田,紧凑型车,"1.8L 99马力 ",E-CVT无级变速,4630*1775*1485,4门5座三厢车,-,-,-,1.8,自然吸气,207,扭力梁式非独立悬架,"主● / 副●","前● / 后-","前● / 后●",-,●,●,●,●,●,●,●,-,-,-,-,-,-,-,-,-,-,-,●,●,-,●,-,-,-,-,●,●,●,●,-,-,织物,●,-,-,-,-,"前● / 后-",-,-,-,-,-,USB+AUX,单碟CD,4-5喇叭,LED,LED,-,-,-,-,●,-,"前● / 后●",-,-,-,●,-,●,-,-,自动●,-
"雷凌 2017款 改款双擎 1.8H GS CVT精英版",广汽丰田,紧凑型车,"1.8L 99马力 ",E-CVT无级变速,4630*1775*1485,4门5座三厢车,-,-,-,1.8,自然吸气,207,扭力梁式非独立悬架,"主● / 副●","前● / 后-","前● / 后●",-,●,●,●,●,●,●,●,-,-,-,-,-,-,-,-,-,-,-,●,-,-,●,-,-,-,-,●,●,●,●,-,-,织物,●,-,-,-,-,"前● / 后-",-,-,-,-,-,USB+AUX,单碟CD,4-5喇叭,LED,LED,-,-,-,-,●,-,"前● / 后●",-,-,-,●,-,●,-,-,自动●,-
"雷凌 2017款 改款双擎 1.8H GS-L CVT领先版",广汽丰田,紧凑型车,"1.8L 99马力 ",E-CVT无级变速,4630*1775*1485,4门5座三厢车,-,-,-,1.8,自然吸气,207,扭力梁式非独立悬架,"主● / 副●","前● / 后-","前● / 后●",-,●,●,●,●,●,●,●,-,-,-,-,-,●,-,-,-,-,-,●,●,-,●,-,-,-,-,●,●,●,●,●,●,仿皮+真皮,●,"主● / 副-",-,-,-,"前● / 后●",●,●,-,●,8英寸,USB+AUX,-,4-5喇叭,LED,LED,-,-,●,-,●,-,"前● / 后●",主驾驶位,-,-,●,-,●,-,-,自动●,-
"雷凌 2017款 改款双擎 1.8H V CVT豪华版",广汽丰田,紧凑型车,"1.8L 99马力 ",E-CVT无级变速,4630*1775*1485,4门5座三厢车,-,-,-,1.8,自然吸气,207,扭力梁式非独立悬架,"主● / 副●","前● / 后-","前● / 后●",●,●,●,●,●,●,●,●,-,-,-,-,-,●,-,-,-,-,-,●,●,-,●,-,-,-,-,●,●,●,●,●,●,仿皮+真皮,●,"主● / 副-",-,-,-,"前● / 后●",●,●,-,●,8英寸,USB+AUX,-,6-7喇叭,LED,LED,-,-,●,-,●,-,"前● / 后●",主驾驶位,-,-,●,-,●,-,-,自动●,-
"领动 2016款 1.4T 双离合炫动·旗舰型",北京现代,紧凑型车,2016.03,"1.4T 130马力 L4",7挡双离合,4610*1800*1450,4门5座三厢车,200,5.7,1.4,涡轮增压,双离合变速箱(DCT),手刹,"主● / 副●","前● / 后-","前○ / 后○",●,●,●,●,●,●,●,●,●,●,-,-,"前● / 后●",●,-,-,-,-,○,●,●,-,●,-,-,●,-,●,●,●,●,●,●,仿皮,●,"主● / 副●",-,●,比例放倒,"前● / 后●",●,○,○,●,8英寸,USB+AUX,-,6-7喇叭,卤素(选装氙气),卤素(选装氙气),●,-,●,●,●,-,"前● / 后●",全车,●,-,●,●,●,-,-,自动●,●
"领动 2016款 1.4T 双离合炫动·活力型",北京现代,紧凑型车,2016.08,"1.4T 130马力 L4",7挡双离合,4610*1800*1450,4门5座三厢车,200,5.7,1.4,涡轮增压,双离合变速箱(DCT),手刹,"主● / 副●","前● / 后-",-,-,●,●,●,●,●,●,●,-,-,-,-,"前- / 后●",●,-,-,-,-,○,●,●,-,●,-,-,○,-,●,●,●,○,○,○,织物(选装仿皮),●,-,-,-,-,"前● / 后●",●,-,-,●,8英寸,USB+AUX,-,6-7喇叭,卤素,卤素,●,-,●,●,●,-,"前● / 后●",主驾驶位,●,-,●,○,●,-,-,手动●,○
"领动 2016款 1.4T 双离合炫动·精英型",北京现代,紧凑型车,2016.03,"1.4T 130马力 L4",7挡双离合,4610*1800*1450,4门5座三厢车,200,5.7,1.4,涡轮增压,双离合变速箱(DCT),手刹,"主● / 副●","前● / 后-",-,-,●,●,●,●,●,●,●,-,-,-,-,"前- / 后●",●,-,-,-,-,○,●,●,-,●,-,-,●,-,●,●,●,●,●,●,仿皮,●,-,-,-,-,"前● / 后●",●,-,-,●,8英寸,USB+AUX,-,6-7喇叭,卤素,卤素,●,-,●,●,●,-,"前● / 后●",主驾驶位,●,-,●,●,●,-,-,手动●,●
"领动 2016款 1.6L 自动智炫·旗舰型",北京现代,紧凑型车,2016.03,"1.6L 130马力 L4",6挡手自一体,4610*1800*1450,4门5座三厢车,204,6.1,1.6,自然吸气,手自一体变速箱(AT),手刹,"主● / 副●","前● / 后-","前○ / 后○",●,●,●,●,●,●,●,●,●,●,●,-,"前● / 后●",●,-,-,-,-,○,●,●,-,●,-,-,●,-,●,●,●,●,●,●,仿皮,●,"主● / 副●",-,●,比例放倒,"前● / 后●",●,○,○,●,8英寸,USB+AUX,-,6-7喇叭,卤素(选装氙气),卤素(选装氙气),●,-,●,●,●,-,"前● / 后●",全车,●,-,●,●,●,-,-,自动●,●
"领动 2016款 1.6L 自动智炫·精英型",北京现代,紧凑型车,2016.03,"1.6L 130马力 L4",6挡手自一体,4610*1800*1450,4门5座三厢车,204,6.1,1.6,自然吸气,手自一体变速箱(AT),手刹,"主● / 副●","前● / 后-",-,-,●,●,●,●,●,●,●,-,-,-,-,"前- / 后●",●,-,-,-,-,○,●,●,-,●,-,-,○,-,●,●,●,○,○,-,织物,●,-,-,-,-,"前● / 后-",-,-,-,●,8英寸,USB+AUX,-,6-7喇叭,卤素,卤素,●,-,●,●,●,-,"前● / 后●",主驾驶位,●,-,●,○,●,-,-,手动●,-
"领动 2016款 1.6L 自动智炫·豪华型",北京现代,紧凑型车,2016.03,"1.6L 130马力 L4",6挡手自一体,4610*1800*1450,4门5座三厢车,204,6.1,1.6,自然吸气,手自一体变速箱(AT),手刹,"主● / 副●","前● / 后-",-,●,●,●,●,●,●,●,●,●,-,-,-,"前● / 后●",●,-,-,-,-,○,●,●,-,●,-,-,●,-,●,●,●,●,●,●,仿皮,●,"主● / 副-",-,-,-,"前● / 后●",●,-,-,●,8英寸,USB+AUX,-,6-7喇叭,卤素,卤素,●,-,●,●,●,-,"前● / 后●",全车,●,-,●,●,●,-,-,"手动● / 自动○",●
"领动 2016款 1.6L 自动智炫·青春型",北京现代,紧凑型车,2016.03,"1.6L 130马力 L4",6挡手自一体,4610*1800*1450,4门5座三厢车,204,6.1,1.6,自然吸气,手自一体变速箱(AT),手刹,"主● / 副●",-,-,-,●,●,●,●,○,○,○,-,-,-,-,-,-,-,-,-,-,○,○,-,-,●,-,-,-,-,●,●,●,-,-,-,织物,●,-,-,-,-,"前● / 后-",-,-,-,-,-,USB+AUX,-,4-5喇叭,卤素,卤素,-,-,-,-,●,-,"前● / 后●",-,-,-,●,-,●,-,-,手动●,-
"马自达3 Axela昂克赛拉 2017款 三厢 1.5L 自动",长安马自达,紧凑型车,2017.02,"1.5L 117马力 L4",6挡手自一体,4582*1795*1458,4门5座三厢车,184,5.8,1.5,自然吸气,手自一体变速箱(AT),手刹,"主● / 副●","前● / 后-",-,-,●,●,●,●,●,●,●,-,-,-,-,"前- / 后●",-,-,-,-,-,●,●,-,-,●,-,-,-,-,●,●,●,●,-,-,织物,●,-,-,-,比例放倒,"前● / 后●",●,-,-,-,-,USB+AUX,-,4-5喇叭,卤素,卤素,-,-,-,-,-,-,"前● / 后●",-,-,●,●,-,●,-,-,手动●,-
"马自达3 Axela昂克赛拉 2017款 三厢 2.0L 自动",长安马自达,紧凑型车,2017.02,"2.0L 158马力 L4",6挡手自一体,4582*1795*1458,4门5座三厢车,207,6.2,2.0,自然吸气,手自一体变速箱(AT),电子驻车,"主● / 副●","前● / 后-",-,-,●,●,●,●,●,●,●,-,-,-,-,"前- / 后●",●,-,-,-,-,●,●,●,-,●,-,-,-,-,●,●,●,●,-,●,真皮,●,"主● / 副-",-,-,比例放倒,"前● / 后●",●,●,-,●,7英寸,USB+AUX+SD,单碟CD,6-7喇叭,LED,LED,●,-,-,-,●,-,"前● / 后●",全车,●,●,●,●,●,-,-,自动●,●
